fecha,valor
2011-01-03,4.0
2011-01-04,4.0
2011-01-05,4.0
2011-01-06,4.0
2011-01-07,4.0
2011-01-10,4.0
2011-01-11,4.0
2011-01-12,4.0
2011-01-13,4.0
2011-01-14,4.0
2011-01-17,4.0
2011-01-18,4.0
2011-01-19,4.0
2011-01-20,4.0
2011-01-21,4.0
2011-01-24,4.0
2011-01-25,4.0
2011-01-26,4.0
2011-01-27,4.0
2011-01-28,4.0
2011-01-31,4.0
2011-02-01,4.0
2011-02-02,4.0
2011-02-03,4.0
2011-02-04,4.0
2011-02-07,4.0
2011-02-08,4.0
2011-02-09,4.0
2011-02-10,4.0
2011-02-11,4.0
2011-02-14,4.0
2011-02-15,4.0
2011-02-16,4.0
2011-02-17,4.0
2011-02-18,4.0
2011-02-21,4.0
2011-02-22,4.0
2011-02-23,4.0
2011-02-24,4.0
2011-02-25,4.0
2011-02-28,4.0
2011-03-01,4.0
2011-03-02,4.0
2011-03-03,4.0
2011-03-04,4.0
2011-03-09,4.0
2011-03-10,4.0
2011-03-11,4.0
2011-03-14,4.0
2011-03-15,4.0
2011-03-16,4.0
2011-03-17,4.0
2011-03-18,4.0
2011-03-21,4.0
2011-03-22,4.0
2011-03-23,4.0
2011-03-28,4.0
2011-03-29,4.0
2011-03-30,4.0
2011-03-31,4.0
2011-04-01,4.0
2011-04-04,4.0
2011-04-05,4.0
2011-04-06,4.0
2011-04-07,4.0
2011-04-08,4.0
2011-04-11,4.0
2011-04-12,4.0
2011-04-13,4.0
2011-04-14,4.0
2011-04-15,4.0
2011-04-18,4.0
2011-04-19,4.0
2011-04-20,4.0
2011-04-25,4.0
2011-04-26,4.0
2011-04-27,4.0
2011-04-28,4.0
2011-04-29,4.0
2011-05-02,4.0
2011-05-03,4.0
2011-05-04,4.0
2011-05-05,4.0
2011-05-06,4.0
2011-05-09,4.0
2011-05-10,4.0
2011-05-11,4.0
2011-05-12,4.0
2011-05-13,4.0
2011-05-16,4.0
2011-05-17,4.0
2011-05-18,4.0
2011-05-19,4.0
2011-05-20,4.0
2011-05-23,4.0
2011-05-24,4.0
2011-05-26,4.0
2011-05-27,4.0
2011-05-30,4.0
2011-05-31,4.0
2011-06-01,4.0
2011-06-02,4.0
2011-06-03,4.0
2011-06-06,4.0
2011-06-07,4.0
2011-06-08,4.0
2011-06-09,4.0
2011-06-10,4.0
2011-06-13,4.0
2011-06-14,4.0
2011-06-15,4.0
2011-06-16,4.0
2011-06-17,4.0
2011-06-21,4.0
2011-06-22,4.0
2011-06-23,4.0
2011-06-24,4.0
2011-06-27,4.0
2011-06-28,4.0
2011-06-29,4.0
2011-06-30,4.0
2011-07-01,4.0
2011-07-04,4.0
2011-07-05,4.0
2011-07-06,4.0
2011-07-07,4.0
2011-07-08,4.0
2011-07-11,4.0
2011-07-12,4.0
2011-07-13,4.0
2011-07-14,4.0
2011-07-15,4.0
2011-07-18,4.0
2011-07-19,4.0
2011-07-20,4.0
2011-07-21,4.0
2011-07-22,4.0
2011-07-25,4.0
2011-07-26,4.0
2011-07-27,4.0
2011-07-28,4.0
2011-07-29,4.0
2011-08-01,4.0
2011-08-02,4.0
2011-08-03,4.0
2011-08-04,4.0
2011-08-05,4.0
2011-08-08,4.0
2011-08-09,4.0
2011-08-10,4.0
2011-08-11,4.0
2011-08-12,4.0
2011-08-15,4.0
2011-08-16,4.0
2011-08-17,4.0
2011-08-18,4.0
2011-08-19,4.0
2011-08-23,4.0
2011-08-24,4.0
2011-08-25,4.0
2011-08-26,4.0
2011-08-29,4.0
2011-08-30,4.0
2011-08-31,4.0
2011-09-01,4.0
2011-09-02,4.0
2011-09-05,4.0
2011-09-06,4.0
2011-09-07,4.0
2011-09-08,4.0
2011-09-09,4.0
2011-09-12,4.0
2011-09-13,4.0
2011-09-14,4.0
2011-09-15,4.0
2011-09-16,4.0
2011-09-19,4.0
2011-09-20,4.0
2011-09-21,4.0
2011-09-22,4.0
2011-09-23,4.0
2011-09-26,4.0
2011-09-27,4.0
2011-09-28,4.0
2011-09-29,4.0
2011-09-30,4.0
2011-10-03,4.0
2011-10-04,4.0
2011-10-05,4.0
2011-10-06,4.0
2011-10-07,4.0
2011-10-11,4.0
2011-10-12,4.0
2011-10-13,4.0
2011-10-14,4.0
2011-10-17,4.0
2011-10-18,4.0
2011-10-19,4.0
2011-10-20,4.0
2011-10-21,4.0
2011-10-24,4.0
2011-10-25,4.0
2011-10-26,4.0
2011-10-27,4.0
2011-10-28,4.0
2011-10-31,4.0
2011-11-01,4.0
2011-11-02,4.0
2011-11-03,4.0
2011-11-04,4.0
2011-11-07,4.0
2011-11-08,4.0
2011-11-09,4.0
2011-11-10,4.0
2011-11-11,4.0
2011-11-14,4.0
2011-11-15,4.0
2011-11-16,4.0
2011-11-17,4.0
2011-11-18,4.0
2011-11-21,4.0
2011-11-22,4.0
2011-11-23,4.0
2011-11-24,4.0
2011-11-25,4.0
2011-11-29,4.0
2011-11-30,4.0
2011-12-01,4.0
2011-12-02,4.0
2011-12-05,4.0
2011-12-06,4.0
2011-12-07,4.0
2011-12-12,4.0
2011-12-13,4.0
2011-12-14,4.0
2011-12-15,4.0
2011-12-16,4.0
2011-12-19,4.0
2011-12-20,4.0
2011-12-21,4.0
2011-12-22,4.0
2011-12-23,4.0
2011-12-26,4.0
2011-12-27,4.0
2011-12-28,4.0
2011-12-29,4.0
2012-01-03,4.0
2012-01-04,4.0
2012-01-05,4.0
2012-01-06,4.0
2012-01-09,4.0
2012-01-10,4.0
2012-01-11,4.0
2012-01-12,4.0
2012-01-13,4.0
2012-01-16,4.0
2012-01-17,4.0
2012-01-18,4.0
2012-01-19,4.0
2012-01-20,4.0
2012-01-23,4.0
2012-01-24,4.0
2012-01-25,4.0
2012-01-26,4.0
2012-01-27,4.0
2012-01-30,4.0
2012-01-31,4.0
2012-02-01,4.0
2012-02-02,4.0
2012-02-03,4.0
2012-02-06,4.0
2012-02-07,4.0
2012-02-08,4.0
2012-02-09,4.0
2012-02-10,4.0
2012-02-13,4.0
2012-02-14,4.0
2012-02-15,4.0
2012-02-16,4.0
2012-02-17,4.0
2012-02-22,4.0
2012-02-23,4.0
2012-02-24,4.0
2012-02-28,4.0
2012-02-29,4.0
2012-03-01,4.0
2012-03-02,4.0
2012-03-05,4.0
2012-03-06,4.0
2012-03-07,4.0
2012-03-08,4.0
2012-03-09,4.0
2012-03-12,4.0
2012-03-13,4.0
2012-03-14,4.0
2012-03-15,4.0
2012-03-16,4.0
2012-03-19,4.0
2012-03-20,4.0
2012-03-21,4.0
2012-03-22,4.0
2012-03-23,4.0
2012-03-26,4.0
2012-03-27,4.0
2012-03-28,4.0
2012-03-29,4.0
2012-03-30,4.0
2012-04-03,4.0
2012-04-04,4.0
2012-04-09,4.0
2012-04-10,4.0
2012-04-11,4.0
2012-04-12,4.0
2012-04-13,4.0
2012-04-16,4.0
2012-04-17,4.0
2012-04-18,4.0
2012-04-19,4.0
2012-04-20,4.0
2012-04-23,4.0
2012-04-24,4.0
2012-04-25,4.0
2012-04-26,4.0
2012-04-27,4.0
2012-05-02,4.0
2012-05-03,4.0
2012-05-04,4.0
2012-05-07,4.0
2012-05-08,4.0
2012-05-09,4.0
2012-05-10,4.0
2012-05-11,4.0
2012-05-14,4.0
2012-05-15,4.0
2012-05-16,4.0
2012-05-17,4.0
2012-05-18,4.0
2012-05-21,4.0
2012-05-22,4.0
2012-05-23,4.0
2012-05-24,4.0
2012-05-28,4.0
2012-05-29,4.0
2012-05-30,4.0
2012-05-31,4.0
2012-06-01,4.0
2012-06-04,4.0
2012-06-05,4.0
2012-06-06,4.0
2012-06-07,4.0
2012-06-08,4.0
2012-06-11,4.0
2012-06-12,4.0
2012-06-13,4.0
2012-06-14,4.0
2012-06-15,4.0
2012-06-18,4.0
2012-06-19,4.0
2012-06-21,4.0
2012-06-22,4.0
2012-06-25,4.0
2012-06-26,4.0
2012-06-27,4.0
2012-06-28,4.0
2012-06-29,4.0
2012-07-02,4.0
2012-07-03,4.0
2012-07-04,4.0
2012-07-05,4.0
2012-07-11,4.0
2012-07-12,4.0
2012-07-13,4.0
2012-07-16,4.0
2012-07-17,4.0
2012-07-18,4.0
2012-07-19,4.0
2012-07-20,4.0
2012-07-23,4.0
2012-07-24,4.0
2012-07-25,4.0
2012-07-26,4.0
2012-07-27,4.0
2012-07-30,4.0
2012-07-31,4.0
2012-08-01,4.0
2012-08-02,5.0
2012-08-03,5.0
2012-08-06,5.0
2012-08-07,5.0
2012-08-08,5.0
2012-08-09,5.0
2012-08-10,5.0
2012-08-13,5.0
2012-08-14,5.0
2012-08-15,5.0
2012-08-16,5.0
2012-08-17,5.0
2012-08-21,5.0
2012-08-22,5.0
2012-08-23,5.0
2012-08-24,5.0
2012-08-27,5.0
2012-08-28,5.0
2012-08-29,5.0
2012-08-30,5.0
2012-08-31,5.0
2012-09-03,5.0
2012-09-04,5.0
2012-09-05,5.0
2012-09-06,5.0
2012-09-07,5.0
2012-09-10,5.0
2012-09-11,5.0
2012-09-12,5.0
2012-09-13,5.0
2012-09-14,5.0
2012-09-17,5.0
2012-09-18,5.0
2012-09-19,5.0
2012-09-20,5.0
2012-09-21,5.0
2012-09-25,5.0
2012-09-26,5.0
2012-09-27,5.0
2012-09-28,5.0
2012-10-01,5.0
2012-10-02,5.0
2012-10-03,5.0
2012-10-04,5.0
2012-10-05,5.0
2012-10-09,5.0
2012-10-10,5.0
2012-10-11,5.0
2012-10-12,5.0
2012-10-15,5.0
2012-10-16,5.0
2012-10-17,5.0
2012-10-18,5.0
2012-10-19,5.0
2012-10-22,5.0
2012-10-23,5.0
2012-10-24,5.0
2012-10-25,5.0
2012-10-26,5.0
2012-10-29,5.0
2012-10-30,5.0
2012-10-31,5.0
2012-11-01,5.0
2012-11-02,5.0
2012-11-05,5.0
2012-11-07,5.0
2012-11-08,5.0
2012-11-09,5.0
2012-11-12,5.0
2012-11-13,5.0
2012-11-14,5.0
2012-11-15,5.0
2012-11-16,5.0
2012-11-19,5.0
2012-11-20,5.0
2012-11-21,5.0
2012-11-22,5.0
2012-11-23,5.0
2012-11-27,5.0
2012-11-28,5.0
2012-11-29,5.0
2012-11-30,5.0
2012-12-03,5.0
2012-12-04,5.0
2012-12-05,5.0
2012-12-06,5.0
2012-12-07,5.0
2012-12-10,5.0
2012-12-11,5.0
2012-12-12,5.0
2012-12-13,5.0
2012-12-14,5.0
2012-12-17,5.0
2012-12-18,5.0
2012-12-19,5.0
2012-12-20,5.0
2012-12-21,5.0
2012-12-26,5.0
2012-12-27,5.0
2012-12-28,5.0
2013-01-02,5.0
2013-01-03,5.0
2013-01-04,5.0
2013-01-07,5.0
2013-01-08,5.0
2013-01-09,5.0
2013-01-10,5.0
2013-01-11,5.0
2013-01-14,5.0
2013-01-15,5.0
2013-01-16,5.0
2013-01-17,5.0
2013-01-18,5.0
2013-01-22,5.0
2013-01-23,5.0
2013-01-24,5.0
2013-01-25,5.0
2013-01-27,5.0
2013-01-28,5.0
2013-01-29,5.0
2013-01-30,5.0
2013-02-01,5.0
2013-02-04,5.0
2013-02-05,5.0
2013-02-06,5.0
2013-02-07,5.0
2013-02-08,5.0
2013-02-13,5.0
2013-02-14,5.0
2013-02-15,5.0
2013-02-18,5.0
2013-02-19,5.0
2013-02-21,5.0
2013-02-25,5.0
2013-02-26,5.0
2013-02-27,5.0
2013-02-28,5.0
2013-03-01,5.0
2013-03-04,5.0
2013-03-05,5.0
2013-03-06,5.0
2013-03-07,5.0
2013-03-08,5.0
2013-03-11,5.0
2013-03-12,5.0
2013-03-13,5.0
2013-03-14,5.0
2013-03-15,5.0
2013-03-18,5.0
2013-03-19,5.0
2013-03-20,5.0
2013-03-21,5.0
2013-03-25,5.0
2013-03-26,5.0
2013-03-27,5.0
2013-04-03,5.0
2013-04-04,5.0
2013-04-08,5.0
2013-04-09,5.0
2013-04-10,5.0
2013-04-11,5.0
2013-04-12,5.0
2013-04-15,5.0
2013-04-16,5.0
2013-04-17,5.0
2013-04-18,5.0
2013-04-19,5.0
2013-04-22,5.0
2013-04-23,5.0
2013-04-24,5.0
2013-04-25,5.0
2013-04-26,5.0
2013-04-29,5.0
2013-04-30,5.0
2013-05-02,5.0
2013-05-03,5.0
2013-05-06,5.0
2013-05-07,5.0
2013-05-08,5.0
2013-05-09,5.0
2013-05-10,5.0
2013-05-13,5.0
2013-05-14,5.0
2013-05-15,5.0
2013-05-16,5.0
2013-05-17,5.0
2013-05-20,5.0
2013-05-21,5.0
2013-05-22,5.0
2013-05-23,5.0
2013-05-24,5.0
2013-05-27,5.0
2013-05-28,5.0
2013-05-29,5.0
2013-05-30,5.0
2013-05-31,5.0
2013-06-03,5.0
2013-06-04,5.0
2013-06-05,5.0
2013-06-06,5.0
2013-06-07,5.0
2013-06-10,5.0
2013-06-11,5.0
2013-06-12,5.0
2013-06-13,5.0
2013-06-14,5.0
2013-06-17,5.0
2013-06-18,5.0
2013-06-19,5.0
2013-06-24,5.0
2013-06-25,5.0
2013-06-26,5.0
2013-06-27,5.0
2013-06-28,5.0
2013-07-01,5.0
2013-07-02,5.0
2013-07-03,5.0
2013-07-04,5.0
2013-07-05,5.0
2013-07-08,5.0
2013-07-10,5.0
2013-07-11,5.0
2013-07-12,5.0
2013-07-15,5.0
2013-07-16,5.0
2013-07-17,5.0
2013-07-22,5.0
2013-07-23,5.0
2013-07-29,5.0
2013-07-30,5.0
2013-07-31,5.0
2013-08-05,5.0
2013-08-08,5.0
2013-08-09,5.0
2013-08-12,5.0
2013-08-13,5.0
2013-08-14,5.0
2013-08-15,5.0
2013-08-16,5.0
2013-08-20,6.0
2013-08-21,6.0
2013-08-22,6.0
2013-08-23,6.0
2013-08-26,6.0
2013-08-27,6.0
2013-08-28,6.0
2013-09-02,6.0
2013-09-05,6.0
2013-09-06,6.0
2013-09-10,6.0
2013-09-11,6.0
2013-09-12,6.0
2013-09-16,6.0
2013-09-17,6.0
2013-09-18,6.0
2013-09-19,6.0
2013-09-20,6.0
2013-09-23,6.0
2013-09-24,6.0
2013-09-25,6.0
2013-09-26,6.0
2013-09-30,6.0
2013-10-01,6.0
2013-10-02,6.0
2013-10-03,6.0
2013-10-08,6.0
2013-10-10,6.0
2013-10-15,6.0
2013-10-16,6.0
2013-10-21,6.0
2013-10-22,6.0
2013-10-25,6.0
2013-10-28,6.0
2013-10-29,6.0
2013-10-30,6.0
2013-10-31,6.0
2013-11-05,6.0
2013-11-11,6.0
2013-11-12,6.0
2013-11-13,6.0
2013-11-14,6.0
2013-11-19,6.0
2013-11-20,6.0
2013-11-21,6.0
2013-11-26,6.0
2013-11-27,6.0
2013-11-28,6.0
2013-12-02,6.0
2013-12-03,6.0
2013-12-04,6.0
2013-12-05,6.0
2013-12-09,6.0
2013-12-10,6.0
2013-12-11,6.0
2013-12-12,6.0
2013-12-13,6.0
2013-12-16,6.0
2013-12-19,6.0
2013-12-20,6.0
2013-12-23,6.0
2013-12-26,6.0
2013-12-27,6.0
2013-12-30,6.0
2014-01-02,6.0
2014-01-03,6.0
2014-01-06,6.0
2014-01-07,7.0
2014-01-08,7.0
2014-01-09,7.0
2014-01-10,7.0
2014-01-13,7.0
2014-01-14,7.0
2014-01-15,7.0
2014-01-16,7.0
2014-01-17,7.0
2014-01-20,7.0
2014-01-21,7.0
2014-01-22,7.0
2014-01-23,8.0
2014-01-24,8.0
2014-01-27,8.0
2014-01-28,8.0
2014-01-29,8.0
2014-01-30,8.0
2014-01-31,8.0
2014-02-03,8.0
2014-02-04,8.0
2014-02-05,8.0
2014-02-06,8.0
2014-02-07,8.0
2014-02-10,8.0
2014-02-11,8.0
2014-02-12,8.0
2014-02-13,8.0
2014-02-14,8.0
2014-02-15,8.0
2014-02-16,8.0
2014-02-17,8.0
2014-02-18,8.0
2014-02-19,8.0
2014-02-20,8.0
2014-02-21,8.0
2014-02-22,8.0
2014-02-23,8.0
2014-02-24,8.0
2014-02-25,8.0
2014-02-26,8.0
2014-02-27,8.0
2014-02-28,8.0
2014-03-01,8.0
2014-03-02,8.0
2014-03-03,8.0
2014-03-04,8.0
2014-03-05,8.0
2014-03-06,8.0
2014-03-07,8.0
2014-03-08,8.0
2014-03-09,8.0
2014-03-10,8.0
2014-03-11,8.0
2014-03-12,8.0
2014-03-13,8.0
2014-03-14,8.0
2014-03-15,8.0
2014-03-16,8.0
2014-03-17,8.0
2014-03-18,8.0
2014-03-19,8.0
2014-03-20,8.0
2014-03-21,8.0
2014-03-22,8.0
2014-03-23,8.0
2014-03-24,8.0
2014-03-25,8.0
2014-03-26,8.0
2014-03-27,8.0
2014-03-28,8.0
2014-03-29,8.0
2014-03-30,8.0
2014-03-31,8.0
2014-04-01,8.0
2014-04-02,8.0
2014-04-03,8.0
2014-04-04,8.0
2014-04-05,8.0
2014-04-06,8.0
2014-04-07,8.0
2014-04-08,8.0
2014-04-09,8.0
2014-04-10,8.0
2014-04-11,8.0
2014-04-12,8.0
2014-04-13,8.0
2014-04-14,8.0
2014-04-15,8.0
2014-04-16,8.0
2014-04-17,8.0
2014-04-18,8.0
2014-04-19,8.0
2014-04-20,8.0
2014-04-21,8.0
2014-04-22,8.0
2014-04-23,8.0
2014-04-24,8.0
2014-04-25,8.0
2014-04-26,8.0
2014-04-27,8.0
2014-04-28,8.0
2014-04-29,8.0
2014-04-30,8.0
2014-05-01,8.0
2014-05-02,8.0
2014-05-03,8.0
2014-05-04,8.0
2014-05-05,8.0
2014-05-06,8.0
2014-05-07,8.0
2014-05-08,8.0
2014-05-09,8.0
2014-05-10,8.0
2014-05-11,8.0
2014-05-12,8.0
2014-05-13,8.0
2014-05-14,8.0
2014-05-15,8.0
2014-05-16,8.0
2014-05-17,8.0
2014-05-18,8.0
2014-05-19,8.0
2014-05-20,8.0
2014-05-21,8.0
2014-05-22,8.0
2014-05-23,8.0
2014-05-24,8.0
2014-05-25,8.0
2014-05-26,8.0
2014-05-27,8.0
2014-05-28,8.0
2014-05-29,8.0
2014-05-30,8.0
2014-05-31,8.0
2014-06-01,8.0
2014-06-02,8.0
2014-06-03,8.0
2014-06-04,8.0
2014-06-05,8.0
2014-06-06,8.0
2014-06-07,8.0
2014-06-08,8.0
2014-06-09,8.0
2014-06-10,8.0
2014-06-11,8.0
2014-06-12,8.0
2014-06-13,8.0
2014-06-14,8.0
2014-06-15,8.0
2014-06-16,8.0
2014-06-17,8.0
2014-06-18,8.0
2014-06-19,8.0
2014-06-20,8.0
2014-06-21,8.0
2014-06-22,8.0
2014-06-23,8.0
2014-06-24,8.0
2014-06-25,8.0
2014-06-26,8.0
2014-06-27,8.0
2014-06-28,8.0
2014-06-29,8.0
2014-06-30,8.0
2014-07-01,8.0
2014-07-02,8.0
2014-07-03,8.0
2014-07-04,8.0
2014-07-05,8.0
2014-07-06,8.0
2014-07-07,8.0
2014-07-08,8.0
2014-07-09,8.0
2014-07-10,8.0
2014-07-11,8.0
2014-07-12,8.0
2014-07-13,8.0
2014-07-14,8.0
2014-07-15,8.0
2014-07-16,8.0
2014-07-17,8.0
2014-07-18,8.0
2014-07-19,8.0
2014-07-20,8.0
2014-07-21,8.0
2014-07-22,8.0
2014-07-23,8.0
2014-07-24,8.0
2014-07-25,8.0
2014-07-26,8.0
2014-07-27,8.0
2014-07-28,8.0
2014-07-29,8.0
2014-07-30,8.0
2014-07-31,8.0
2014-08-01,8.0
2014-08-02,8.0
2014-08-03,8.0
2014-08-04,8.0
2014-08-05,8.0
2014-08-06,8.0
2014-08-07,8.0
2014-08-08,8.0
2014-08-09,8.0
2014-08-10,8.0
2014-08-11,8.0
2014-08-12,8.0
2014-08-13,8.0
2014-08-14,8.0
2014-08-15,8.0
2014-08-16,8.0
2014-08-17,8.0
2014-08-18,8.0
2014-08-19,8.0
2014-08-20,8.0
2014-08-21,8.0
2014-08-22,8.0
2014-08-23,8.0
2014-08-24,8.0
2014-08-25,8.0
2014-08-26,8.0
2014-08-27,8.0
2014-08-28,8.0
2014-08-29,8.0
2014-08-30,8.0
2014-08-31,8.0
2014-09-01,8.0
2014-09-02,8.0
2014-09-03,8.0
2014-09-04,8.0
2014-09-05,8.0
2014-09-06,8.0
2014-09-07,8.0
2014-09-08,8.0
2014-09-09,8.0
2014-09-10,8.0
2014-09-11,8.0
2014-09-12,8.0
2014-09-13,8.0
2014-09-14,8.0
2014-09-15,8.0
2014-09-16,8.0
2014-09-17,8.0
2014-09-18,8.0
2014-09-19,8.0
2014-09-20,8.0
2014-09-21,8.0
2014-09-22,8.0
2014-09-23,8.0
2014-09-24,8.0
2014-09-25,8.0
2014-09-26,8.0
2014-09-27,8.0
2014-09-28,8.0
2014-09-29,8.0
2014-09-30,8.0
2014-10-01,8.0
2014-10-02,8.0
2014-10-03,8.0
2014-10-04,8.0
2014-10-05,8.0
2014-10-06,8.0
2014-10-07,8.0
2014-10-08,8.0
2014-10-09,8.0
2014-10-10,8.0
2014-10-11,8.0
2014-10-12,8.0
2014-10-13,8.0
2014-10-14,8.0
2014-10-15,8.0
2014-10-16,8.0
2014-10-17,8.0
2014-10-18,8.0
2014-10-19,8.0
2014-10-20,8.0
2014-10-21,8.0
2014-10-22,8.0
2014-10-23,8.0
2014-10-24,8.0
2014-10-25,9.0
2014-10-26,9.0
2014-10-27,9.0
2014-10-28,9.0
2014-10-29,9.0
2014-10-30,9.0
2014-10-31,9.0
2014-11-01,9.0
2014-11-02,9.0
2014-11-03,9.0
2014-11-04,9.0
2014-11-05,9.0
2014-11-06,9.0
2014-11-07,9.0
2014-11-08,9.0
2014-11-09,9.0
2014-11-10,9.0
2014-11-11,9.0
2014-11-12,9.0
2014-11-13,9.0
2014-11-14,9.0
2014-11-15,9.0
2014-11-16,9.0
2014-11-17,9.0
2014-11-18,9.0
2014-11-19,9.0
2014-11-20,9.0
2014-11-21,9.0
2014-11-22,9.0
2014-11-23,9.0
2014-11-24,9.0
2014-11-25,9.0
2014-11-26,9.0
2014-11-27,9.0
2014-11-28,9.0
2014-11-29,9.0
2014-11-30,9.0
2014-12-01,9.0
2014-12-02,9.0
2014-12-03,9.0
2014-12-04,9.0
2014-12-05,9.0
2014-12-06,9.0
2014-12-07,9.0
2014-12-08,9.0
2014-12-09,9.0
2014-12-10,9.0
2014-12-11,9.0
2014-12-12,9.0
2014-12-13,9.0
2014-12-14,9.0
2014-12-15,9.0
2014-12-16,9.0
2014-12-17,9.0
2014-12-18,9.0
2014-12-19,9.0
2014-12-20,9.0
2014-12-21,9.0
2014-12-22,9.0
2014-12-23,9.0
2014-12-24,9.0
2014-12-25,9.0
2014-12-26,9.0
2014-12-27,9.0
2014-12-28,9.0
2014-12-29,9.0
2014-12-30,9.0
2014-12-31,9.0
2015-01-01,9.0
2015-01-02,9.0
2015-01-03,9.0
2015-01-04,9.0
2015-01-05,9.0
2015-01-06,9.0
2015-01-07,9.0
2015-01-08,9.0
2015-01-09,9.0
2015-01-10,9.0
2015-01-11,9.0
2015-01-12,9.0
2015-01-13,9.0
2015-01-14,9.0
2015-01-15,9.0
2015-01-16,9.0
2015-01-17,9.0
2015-01-18,9.0
2015-01-19,9.0
2015-01-20,9.0
2015-01-21,9.0
2015-01-22,9.0
2015-01-23,9.0
2015-01-24,9.0
2015-01-25,9.0
2015-01-26,9.0
2015-01-27,9.0
2015-01-28,9.0
2015-01-29,9.0
2015-01-30,9.0
2015-01-31,9.0
2015-02-01,9.0
2015-02-02,9.0
2015-02-03,9.0
2015-02-04,9.0
2015-02-05,9.0
2015-02-06,9.0
2015-02-07,9.0
2015-02-08,9.0
2015-02-09,9.0
2015-02-10,9.0
2015-02-11,9.0
2015-02-12,9.0
2015-02-13,9.0
2015-02-14,9.0
2015-02-15,9.0
2015-02-16,9.0
2015-02-17,9.0
2015-02-18,9.0
2015-02-19,9.0
2015-02-20,9.0
2015-02-21,9.0
2015-02-22,9.0
2015-02-23,9.0
2015-02-24,9.0
2015-02-25,9.0
2015-02-26,9.0
2015-02-27,9.0
2015-02-28,9.0
2015-03-01,9.0
2015-03-02,9.0
2015-03-03,9.0
2015-03-04,9.0
2015-03-05,9.0
2015-03-06,9.0
2015-03-07,9.0
2015-03-08,9.0
2015-03-09,9.0
2015-03-10,9.0
2015-03-11,9.0
2015-03-12,9.0
2015-03-13,9.0
2015-03-14,9.0
2015-03-15,9.0
2015-03-16,9.0
2015-03-17,9.0
2015-03-18,9.0
2015-03-19,9.0
2015-03-20,9.0
2015-03-21,9.0
2015-03-22,9.0
2015-03-23,9.0
2015-03-24,9.0
2015-03-25,9.0
2015-03-26,9.0
2015-03-27,9.0
2015-03-28,9.0
2015-03-29,9.0
2015-03-30,9.0
2015-03-31,9.0
2015-04-01,9.0
2015-04-02,9.0
2015-04-03,9.0
2015-04-04,9.0
2015-04-05,9.0
2015-04-06,9.0
2015-04-07,9.0
2015-04-08,9.0
2015-04-09,9.0
2015-04-10,9.0
2015-04-11,9.0
2015-04-12,9.0
2015-04-13,9.0
2015-04-14,9.0
2015-04-15,9.0
2015-04-16,9.0
2015-04-17,9.0
2015-04-18,9.0
2015-04-19,9.0
2015-04-20,9.0
2015-04-21,9.0
2015-04-22,9.0
2015-04-23,9.0
2015-04-24,9.0
2015-04-25,9.0
2015-04-26,9.0
2015-04-27,9.0
2015-04-28,9.0
2015-04-29,9.0
2015-04-30,9.0
2015-05-01,9.0
2015-05-02,9.0
2015-05-03,9.0
2015-05-04,9.0
2015-05-05,9.0
2015-05-06,9.0
2015-05-07,9.0
2015-05-08,9.0
2015-05-09,9.0
2015-05-10,9.0
2015-05-11,9.0
2015-05-12,9.0
2015-05-13,9.0
2015-05-14,9.0
2015-05-15,9.0
2015-05-16,9.0
2015-05-17,9.0
2015-05-18,9.0
2015-05-19,9.0
2015-05-20,9.0
2015-05-21,9.0
2015-05-22,9.0
2015-05-23,9.0
2015-05-24,9.0
2015-05-25,9.0
2015-05-26,9.0
2015-05-27,9.0
2015-05-28,9.0
2015-05-29,9.0
2015-05-30,9.0
2015-05-31,9.0
2015-06-01,9.0
2015-06-02,9.0
2015-06-03,9.0
2015-06-04,9.0
2015-06-05,9.0
2015-06-06,9.0
2015-06-07,9.0
2015-06-08,9.0
2015-06-09,9.0
2015-06-10,9.0
2015-06-11,9.0
2015-06-12,9.0
2015-06-13,9.0
2015-06-14,9.0
2015-06-15,9.0
2015-06-16,9.0
2015-06-17,9.0
2015-06-18,9.0
2015-06-19,9.0
2015-06-20,9.0
2015-06-21,9.0
2015-06-22,9.0
2015-06-23,9.0
2015-06-24,9.0
2015-06-25,9.0
2015-06-26,9.0
2015-06-27,9.0
2015-06-28,9.0
2015-06-29,9.0
2015-06-30,9.0
2015-07-01,9.0
2015-07-02,9.0
2015-07-03,9.0
2015-07-04,9.0
2015-07-05,9.0
2015-07-06,9.0
2015-07-07,9.0
2015-07-08,9.0
2015-07-09,9.0
2015-07-10,9.0
2015-07-11,9.0
2015-07-12,9.0
2015-07-13,9.0
2015-07-14,9.0
2015-07-15,9.0
2015-07-16,9.0
2015-07-17,9.0
2015-07-18,9.0
2015-07-19,9.0
2015-07-20,9.0
2015-07-21,9.0
2015-07-22,9.0
2015-07-23,9.0
2015-07-24,9.0
2015-07-25,9.0
2015-07-26,9.0
2015-07-27,9.0
2015-07-28,9.0
2015-07-29,9.0
2015-07-30,9.0
2015-07-31,9.0
2015-08-01,9.0
2015-08-02,9.0
2015-08-03,9.0
2015-08-04,9.0
2015-08-05,9.0
2015-08-06,9.0
2015-08-07,9.0
2015-08-08,9.0
2015-08-09,9.0
2015-08-10,9.0
2015-08-11,9.0
2015-08-12,9.0
2015-08-13,9.0
2015-08-14,9.0
2015-08-15,9.0
2015-08-16,9.0
2015-08-17,9.0
2015-08-18,9.0
2015-08-19,9.0
2015-08-20,9.0
2015-08-21,9.0
2015-08-22,9.0
2015-08-23,9.0
2015-08-24,9.0
2015-08-25,9.0
2015-08-26,9.0
2015-08-27,9.0
2015-08-28,9.0
2015-08-29,9.0
2015-08-30,9.0
2015-08-31,9.0
2015-09-01,9.0
2015-09-02,9.0
2015-09-03,9.0
2015-09-04,9.0
2015-09-05,9.0
2015-09-06,9.0
2015-09-07,9.0
2015-09-08,9.0
2015-09-09,9.0
2015-09-10,9.0
2015-09-11,9.0
2015-09-12,9.0
2015-09-13,9.0
2015-09-14,9.0
2015-09-15,9.0
2015-09-16,9.0
2015-09-17,9.0
2015-09-18,9.0
2015-09-19,9.0
2015-09-20,9.0
2015-09-21,9.0
2015-09-22,9.0
2015-09-23,9.0
2015-09-24,9.0
2015-09-25,9.0
2015-09-26,9.0
2015-09-27,9.0
2015-09-28,9.0
2015-09-29,9.0
2015-09-30,9.0
2015-10-01,9.0
2015-10-02,9.0
2015-10-03,9.0
2015-10-04,9.0
2015-10-05,9.0
2015-10-06,9.0
2015-10-07,9.0
2015-10-08,9.0
2015-10-09,9.0
2015-10-10,9.0
2015-10-11,9.0
2015-10-12,9.0
2015-10-13,9.0
2015-10-14,9.0
2015-10-15,9.0
2015-10-16,10.0
2015-10-17,10.0
2015-10-18,10.0
2015-10-19,10.0
2015-10-20,10.0
2015-10-21,10.0
2015-10-22,10.0
2015-10-23,10.0
2015-10-24,10.0
2015-10-25,10.0
2015-10-26,10.0
2015-10-27,10.0
2015-10-28,10.0
2015-10-29,10.0
2015-10-30,10.0
2015-10-31,10.0
2015-11-01,10.0
2015-11-02,10.0
2015-11-03,10.0
2015-11-04,10.0
2015-11-05,10.0
2015-11-06,10.0
2015-11-07,10.0
2015-11-08,10.0
2015-11-09,10.0
2015-11-10,10.0
2015-11-11,10.0
2015-11-12,10.0
2015-11-13,10.0
2015-11-14,10.0
2015-11-15,10.0
2015-11-16,10.0
2015-11-17,10.0
2015-11-18,10.0
2015-11-19,10.0
2015-11-20,10.0
2015-11-21,10.0
2015-11-22,10.0
2015-11-23,10.0
2015-11-24,10.0
2015-11-25,10.0
2015-11-26,10.0
2015-11-27,10.0
2015-11-28,10.0
2015-11-29,10.0
2015-11-30,10.0
2015-12-01,10.0
2015-12-02,10.0
2015-12-03,10.0
2015-12-04,10.0
2015-12-05,10.0
2015-12-06,10.0
2015-12-07,10.0
2015-12-08,10.0
2015-12-09,10.0
2015-12-10,10.0
2015-12-11,10.0
2015-12-12,10.0
2015-12-13,10.0
2015-12-14,10.0
2015-12-15,10.0
2015-12-16,10.0
2015-12-17,13.0
2015-12-18,14.0
2015-12-19,14.0
2015-12-20,14.0
2015-12-21,13.0
2015-12-22,13.0
2015-12-23,13.0
2015-12-24,13.0
2015-12-25,13.0
2015-12-26,13.0
2015-12-27,13.0
2015-12-28,13.0
2015-12-29,13.0
2015-12-30,13.0
2015-12-31,13.0
2016-01-01,13.0
2016-01-02,13.0
2016-01-03,13.0
2016-01-04,13.0
2016-01-05,14.0
2016-01-06,14.0
2016-01-07,14.0
2016-01-08,14.0
2016-01-09,14.0
2016-01-10,14.0
2016-01-11,14.0
2016-01-12,14.0
2016-01-13,14.0
2016-01-14,14.0
2016-01-15,14.0
2016-01-16,14.0
2016-01-17,14.0
2016-01-18,14.0
2016-01-19,14.0
2016-01-20,14.0
2016-01-21,14.0
2016-01-22,14.0
2016-01-23,14.0
2016-01-24,14.0
2016-01-25,14.0
2016-01-26,14.0
2016-01-27,14.0
2016-01-28,14.0
2016-01-29,14.0
2016-01-30,14.0
2016-01-31,14.0
2016-02-01,14.0
2016-02-02,14.0
2016-02-03,14.0
2016-02-04,14.0
2016-02-05,14.0
2016-02-06,15.0
2016-02-07,15.0
2016-02-08,15.0
2016-02-09,15.0
2016-02-10,15.0
2016-02-11,15.0
2016-02-12,15.0
2016-02-13,15.0
2016-02-14,15.0
2016-02-15,15.0
2016-02-16,15.0
2016-02-17,15.0
2016-02-18,15.0
2016-02-19,15.0
2016-02-20,15.0
2016-02-21,15.0
2016-02-22,15.0
2016-02-23,15.0
2016-02-24,16.0
2016-02-25,16.0
2016-02-26,16.0
2016-02-27,16.0
2016-02-28,16.0
2016-02-29,16.0
2016-03-01,16.0
2016-03-02,16.0
2016-03-03,16.0
2016-03-04,16.0
2016-03-05,15.0
2016-03-06,15.0
2016-03-07,16.0
2016-03-08,16.0
2016-03-09,16.0
2016-03-10,16.0
2016-03-11,15.0
2016-03-12,15.0
2016-03-13,15.0
2016-03-14,15.0
2016-03-15,15.0
2016-03-16,15.0
2016-03-17,15.0
2016-03-18,15.0
2016-03-19,15.0
2016-03-20,15.0
2016-03-21,15.0
2016-03-22,15.0
2016-03-23,15.0
2016-03-24,15.0
2016-03-25,15.0
2016-03-26,15.0
2016-03-27,15.0
2016-03-28,15.0
2016-03-29,15.0
2016-03-30,15.0
2016-03-31,15.0
2016-04-01,15.0
2016-04-02,15.0
2016-04-03,15.0
2016-04-04,15.0
2016-04-05,15.0
2016-04-06,15.0
2016-04-07,15.0
2016-04-08,15.0
2016-04-09,15.0
2016-04-10,15.0
2016-04-11,15.0
2016-04-12,15.0
2016-04-13,15.0
2016-04-14,15.0
2016-04-15,15.0
2016-04-16,15.0
2016-04-17,15.0
2016-04-18,15.0
2016-04-19,14.0
2016-04-20,15.0
2016-04-21,15.0
2016-04-22,15.0
2016-04-23,15.0
2016-04-24,15.0
2016-04-25,15.0
2016-04-26,15.0
2016-04-27,15.0
2016-04-28,15.0
2016-04-29,15.0
2016-04-30,15.0
2016-05-01,15.0
2016-05-02,15.0
2016-05-03,15.0
2016-05-04,15.0
2016-05-05,15.0
2016-05-06,15.0
2016-05-07,15.0
2016-05-08,15.0
2016-05-09,15.0
2016-05-10,15.0
2016-05-11,15.0
2016-05-12,14.0
2016-05-13,14.0
2016-05-14,14.0
2016-05-15,14.0
2016-05-16,14.0
2016-05-17,14.0
2016-05-18,14.0
2016-05-19,14.0
2016-05-20,14.0
2016-05-21,14.0
2016-05-22,14.0
2016-05-23,14.0
2016-05-24,14.0
2016-05-25,14.0
2016-05-26,14.0
2016-05-27,14.0
2016-05-28,14.0
2016-05-29,14.0
2016-05-30,14.0
2016-05-31,14.0
2016-06-01,14.0
2016-06-02,14.0
2016-06-03,14.0
2016-06-04,14.0
2016-06-05,14.0
2016-06-06,14.0
2016-06-07,14.0
2016-06-08,14.0
2016-06-09,14.0
2016-06-10,14.0
2016-06-11,14.0
2016-06-12,14.0
2016-06-13,14.0
2016-06-14,14.0
2016-06-15,14.0
2016-06-16,14.0
2016-06-17,14.0
2016-06-18,14.0
2016-06-19,14.0
2016-06-20,14.0
2016-06-21,14.0
2016-06-22,14.0
2016-06-23,14.0
2016-06-24,15.0
2016-06-25,15.0
2016-06-26,15.0
2016-06-27,15.0
2016-06-28,15.0
2016-06-29,15.0
2016-06-30,15.0
2016-07-01,15.0
2016-07-02,15.0
2016-07-03,15.0
2016-07-04,15.0
2016-07-05,15.0
2016-07-06,15.0
2016-07-07,15.0
2016-07-08,15.0
2016-07-09,15.0
2016-07-10,15.0
2016-07-11,15.0
2016-07-12,15.0
2016-07-13,15.0
2016-07-14,15.0
2016-07-15,15.0
2016-07-16,15.0
2016-07-17,15.0
2016-07-18,15.0
2016-07-19,15.0
2016-07-20,15.0
2016-07-21,15.0
2016-07-22,15.0
2016-07-23,15.0
2016-07-24,15.0
2016-07-25,15.0
2016-07-26,15.0
2016-07-27,15.0
2016-07-28,15.0
2016-07-29,15.0
2016-07-30,15.0
2016-07-31,15.0
2016-08-01,15.0
2016-08-02,15.0
2016-08-03,15.0
2016-08-04,15.0
2016-08-05,15.0
2016-08-06,15.0
2016-08-07,15.0
2016-08-08,15.0
2016-08-09,15.0
2016-08-10,15.0
2016-08-11,15.0
2016-08-12,15.0
2016-08-13,15.0
2016-08-14,15.0
2016-08-15,15.0
2016-08-16,15.0
2016-08-17,15.0
2016-08-18,15.0
2016-08-19,15.0
2016-08-20,15.0
2016-08-21,15.0
2016-08-22,15.0
2016-08-23,15.0
2016-08-24,15.0
2016-08-25,15.0
2016-08-26,15.0
2016-08-27,15.0
2016-08-28,15.0
2016-08-29,15.0
2016-08-30,15.0
2016-08-31,15.0
2016-09-01,15.0
2016-09-02,15.0
2016-09-03,15.0
2016-09-04,15.0
2016-09-05,15.0
2016-09-06,15.0
2016-09-07,15.0
2016-09-08,15.0
2016-09-09,15.0
2016-09-10,15.0
2016-09-11,15.0
2016-09-12,15.0
2016-09-13,15.0
2016-09-14,15.0
2016-09-15,15.0
2016-09-16,15.0
2016-09-17,15.0
2016-09-18,15.0
2016-09-19,15.0
2016-09-20,15.0
2016-09-21,15.0
2016-09-22,15.0
2016-09-23,15.0
2016-09-24,15.0
2016-09-25,15.0
2016-09-26,15.0
2016-09-27,15.0
2016-09-28,16.0
2016-09-29,16.0
2016-09-30,16.0
2016-10-01,16.0
2016-10-02,16.0
2016-10-03,16.0
2016-10-04,15.0
2016-10-05,15.0
2016-10-06,15.0
2016-10-07,15.0
2016-10-08,15.0
2016-10-09,15.0
2016-10-10,15.0
2016-10-11,15.0
2016-10-12,15.0
2016-10-13,15.0
2016-10-14,15.0
2016-10-15,15.0
2016-10-16,15.0
2016-10-17,15.0
2016-10-18,15.0
2016-10-19,15.0
2016-10-20,15.0
2016-10-21,15.0
2016-10-22,15.0
2016-10-23,15.0
2016-10-24,15.0
2016-10-25,15.0
2016-10-26,15.0
2016-10-27,15.0
2016-10-28,15.0
2016-10-29,15.0
2016-10-30,15.0
2016-10-31,15.0
2016-11-01,15.0
2016-11-02,15.0
2016-11-03,15.0
2016-11-04,15.0
2016-11-05,15.0
2016-11-06,15.0
2016-11-07,15.0
2016-11-08,15.0
2016-11-09,15.0
2016-11-10,15.0
2016-11-11,15.0
2016-11-12,15.0
2016-11-13,15.0
2016-11-14,16.0
2016-11-15,16.0
2016-11-16,16.0
2016-11-17,16.0
2016-11-18,16.0
2016-11-19,16.0
2016-11-20,16.0
2016-11-21,16.0
2016-11-22,16.0
2016-11-23,16.0
2016-11-24,16.0
2016-11-25,16.0
2016-11-26,16.0
2016-11-27,16.0
2016-11-28,16.0
2016-11-29,16.0
2016-11-30,16.0
2016-12-01,16.0
2016-12-02,16.0
2016-12-03,16.0
2016-12-04,16.0
2016-12-05,16.0
2016-12-06,16.0
2016-12-07,16.0
2016-12-08,16.0
2016-12-09,16.0
2016-12-10,16.0
2016-12-11,16.0
2016-12-12,16.0
2016-12-13,16.0
2016-12-14,16.0
2016-12-15,16.0
2016-12-16,16.0
2016-12-17,16.0
2016-12-18,16.0
2016-12-19,16.0
2016-12-20,16.0
2016-12-21,16.0
2016-12-22,16.0
2016-12-23,16.0
2016-12-24,16.0
2016-12-25,16.0
2016-12-26,16.0
2016-12-27,16.0
2016-12-28,16.0
2016-12-29,16.0
2016-12-30,16.0
2016-12-31,16.0
2017-01-01,16.0
2017-01-02,16.0
2017-01-03,16.0
2017-01-04,16.0
2017-01-05,16.0
2017-01-06,16.0
2017-01-07,16.0
2017-01-08,16.0
2017-01-09,16.0
2017-01-10,16.0
2017-01-11,16.0
2017-01-12,16.0
2017-01-13,16.0
2017-01-14,16.0
2017-01-15,16.0
2017-01-16,16.0
2017-01-17,16.0
2017-01-18,16.0
2017-01-19,16.0
2017-01-20,16.0
2017-01-21,16.0
2017-01-22,16.0
2017-01-23,16.0
2017-01-24,16.0
2017-01-25,16.0
2017-01-26,16.0
2017-01-27,16.0
2017-01-28,16.0
2017-01-29,16.0
2017-01-30,16.0
2017-01-31,16.0
2017-02-01,16.0
2017-02-02,16.0
2017-02-03,16.0
2017-02-04,16.0
2017-02-05,16.0
2017-02-06,16.0
2017-02-07,16.0
2017-02-08,16.0
2017-02-09,16.0
2017-02-10,16.0
2017-02-11,16.0
2017-02-12,16.0
2017-02-13,16.0
2017-02-14,16.0
2017-02-15,16.0
2017-02-16,16.0
2017-02-17,16.0
2017-02-18,16.0
2017-02-19,16.0
2017-02-20,16.0
2017-02-21,16.0
2017-02-22,16.0
2017-02-23,16.0
2017-02-24,16.0
2017-02-25,16.0
2017-02-26,16.0
2017-02-27,16.0
2017-02-28,16.0
2017-03-01,16.0
2017-03-02,16.0
2017-03-03,16.0
2017-03-04,16.0
2017-03-05,16.0
2017-03-06,16.0
2017-03-07,16.0
2017-03-08,16.0
2017-03-09,16.0
2017-03-10,16.0
2017-03-11,16.0
2017-03-12,16.0
2017-03-13,16.0
2017-03-14,16.0
2017-03-15,16.0
2017-03-16,16.0
2017-03-17,16.0
2017-03-18,16.0
2017-03-19,16.0
2017-03-20,16.0
2017-03-21,16.0
2017-03-22,16.0
2017-03-23,16.0
2017-03-24,16.0
2017-03-25,16.0
2017-03-26,16.0
2017-03-27,16.0
2017-03-28,16.0
2017-03-29,16.0
2017-03-30,16.0
2017-03-31,16.0
2017-04-01,16.0
2017-04-02,16.0
2017-04-03,16.0
2017-04-04,16.0
2017-04-05,16.0
2017-04-06,16.0
2017-04-07,16.0
2017-04-08,16.0
2017-04-09,16.0
2017-04-10,16.0
2017-04-11,16.0
2017-04-12,16.0
2017-04-13,15.0
2017-04-14,15.0
2017-04-15,15.0
2017-04-16,15.0
2017-04-17,16.0
2017-04-18,16.0
2017-04-19,16.0
2017-04-20,16.0
2017-04-21,16.0
2017-04-22,16.0
2017-04-23,16.0
2017-04-24,16.0
2017-04-25,16.0
2017-04-26,16.0
2017-04-27,16.0
2017-04-28,16.0
2017-04-29,16.0
2017-04-30,16.0
2017-05-01,16.0
2017-05-02,16.0
2017-05-03,16.0
2017-05-04,16.0
2017-05-05,16.0
2017-05-06,16.0
2017-05-07,16.0
2017-05-08,16.0
2017-05-09,16.0
2017-05-10,16.0
2017-05-11,16.0
2017-05-12,16.0
2017-05-13,16.0
2017-05-14,16.0
2017-05-15,16.0
2017-05-16,16.0
2017-05-17,16.0
2017-05-18,16.0
2017-05-19,16.0
2017-05-20,16.0
2017-05-21,16.0
2017-05-22,16.0
2017-05-23,16.0
2017-05-24,16.0
2017-05-25,16.0
2017-05-26,16.0
2017-05-27,16.0
2017-05-28,16.0
2017-05-29,16.0
2017-05-30,16.0
2017-05-31,16.0
2017-06-01,16.0
2017-06-02,16.0
2017-06-03,16.0
2017-06-04,16.0
2017-06-05,16.0
2017-06-06,16.0
2017-06-07,16.0
2017-06-08,16.0
2017-06-09,16.0
2017-06-10,16.0
2017-06-11,16.0
2017-06-12,16.0
2017-06-13,16.0
2017-06-14,16.0
2017-06-15,16.0
2017-06-16,16.0
2017-06-17,16.0
2017-06-18,16.0
2017-06-19,16.0
2017-06-20,16.0
2017-06-21,16.0
2017-06-22,16.0
2017-06-23,16.0
2017-06-24,16.0
2017-06-25,16.0
2017-06-26,16.0
2017-06-27,17.0
2017-06-28,17.0
2017-06-29,17.0
2017-06-30,17.0
2017-07-01,17.0
2017-07-02,17.0
2017-07-03,17.0
2017-07-04,17.0
2017-07-05,17.0
2017-07-06,17.0
2017-07-07,17.0
2017-07-08,17.0
2017-07-09,17.0
2017-07-10,17.0
2017-07-11,17.0
2017-07-12,17.0
2017-07-13,17.0
2017-07-14,17.0
2017-07-15,17.0
2017-07-16,17.0
2017-07-17,17.0
2017-07-18,17.0
2017-07-19,17.0
2017-07-20,17.0
2017-07-21,18.0
2017-07-22,18.0
2017-07-23,18.0
2017-07-24,18.0
2017-07-25,18.0
2017-07-26,18.0
2017-07-27,18.0
2017-07-28,18.0
2017-07-29,18.0
2017-07-30,18.0
2017-07-31,18.0
2017-08-01,18.0
2017-08-02,18.0
2017-08-03,18.0
2017-08-04,18.0
2017-08-05,18.0
2017-08-06,18.0
2017-08-07,18.0
2017-08-08,18.0
2017-08-09,18.0
2017-08-10,18.0
2017-08-11,18.0
2017-08-12,18.0
2017-08-13,18.0
2017-08-14,18.0
2017-08-15,17.0
2017-08-16,17.0
2017-08-17,18.0
2017-08-18,18.0
2017-08-19,18.0
2017-08-20,18.0
2017-08-21,18.0
2017-08-22,18.0
2017-08-23,18.0
2017-08-24,17.0
2017-08-25,18.0
2017-08-26,18.0
2017-08-27,18.0
2017-08-28,18.0
2017-08-29,18.0
2017-08-30,18.0
2017-08-31,18.0
2017-09-01,18.0
2017-09-02,18.0
2017-09-03,18.0
2017-09-04,18.0
2017-09-05,18.0
2017-09-06,18.0
2017-09-07,18.0
2017-09-08,18.0
2017-09-09,18.0
2017-09-10,18.0
2017-09-11,18.0
2017-09-12,17.0
2017-09-13,17.0
2017-09-14,17.0
2017-09-15,17.0
2017-09-16,17.0
2017-09-17,17.0
2017-09-18,17.0
2017-09-19,17.0
2017-09-20,17.0
2017-09-21,18.0
2017-09-22,18.0
2017-09-23,18.0
2017-09-24,18.0
2017-09-25,18.0
2017-09-26,18.0
2017-09-27,18.0
2017-09-28,18.0
2017-09-29,18.0
2017-09-30,18.0
2017-10-01,18.0
2017-10-02,18.0
2017-10-03,18.0
2017-10-04,18.0
2017-10-05,18.0
2017-10-06,18.0
2017-10-07,18.0
2017-10-08,18.0
2017-10-09,18.0
2017-10-10,18.0
2017-10-11,18.0
2017-10-12,18.0
2017-10-13,18.0
2017-10-14,18.0
2017-10-15,18.0
2017-10-16,18.0
2017-10-17,18.0
2017-10-18,18.0
2017-10-19,18.0
2017-10-20,18.0
2017-10-21,18.0
2017-10-22,18.0
2017-10-23,18.0
2017-10-24,18.0
2017-10-25,18.0
2017-10-26,18.0
2017-10-27,18.0
2017-10-28,18.0
2017-10-29,18.0
2017-10-30,18.0
2017-10-31,18.0
2017-11-01,18.0
2017-11-02,18.0
2017-11-03,18.0
2017-11-04,18.0
2017-11-05,18.0
2017-11-06,18.0
2017-11-07,18.0
2017-11-08,18.0
2017-11-09,18.0
2017-11-10,18.0
2017-11-11,18.0
2017-11-12,18.0
2017-11-13,18.0
2017-11-14,18.0
2017-11-15,18.0
2017-12-08,18.0
2017-12-09,18.0
2017-12-10,18.0
2017-12-11,18.0
2017-12-12,18.0
2017-12-13,18.0
2017-12-14,18.0
2017-12-15,18.0
2017-12-16,18.0
2017-12-17,18.0
2017-12-18,18.0
2017-12-19,18.0
2017-12-20,18.0
2017-12-21,18.0
2017-12-22,18.0
2017-12-23,18.0
2017-12-24,18.0
2017-12-25,18.0
2017-12-26,18.0
2017-12-27,19.0
2017-12-28,19.0
2017-12-29,19.0
2017-12-30,19.0
2017-12-31,19.0
2018-01-01,19.0
2018-01-02,19.0
2018-01-03,19.0
2018-01-04,19.0
2018-01-05,19.0
2018-01-06,19.0
2018-01-07,19.0
2018-01-08,19.0
2018-01-09,19.0
2018-01-10,19.0
2018-01-11,19.0
2018-01-12,19.0
2018-01-13,19.0
2018-01-14,19.0
2018-01-15,19.0
2018-01-16,19.0
2018-01-17,19.0
2018-01-18,19.0
2018-01-19,19.0
2018-01-20,19.0
2018-01-21,19.0
2018-01-22,19.0
2018-01-23,19.0
2018-01-24,19.0
2018-01-25,20.0
2018-01-26,20.0
2018-01-27,20.0
2018-01-28,20.0
2018-01-29,20.0
2018-01-30,20.0
2018-01-31,20.0
2018-02-01,20.0
2018-02-02,20.0
2018-02-03,20.0
2018-02-04,20.0
2018-02-05,20.0
2018-02-06,20.0
2018-02-07,20.0
2018-02-08,20.0
2018-02-09,20.0
2018-02-10,20.0
2018-02-11,20.0
2018-02-12,20.0
2018-02-13,20.0
2018-02-14,20.0
2018-02-15,20.0
2018-02-16,20.0
2018-02-17,20.0
2018-02-18,20.0
2018-02-19,20.0
2018-02-20,20.0
2018-02-21,20.0
2018-02-22,20.0
2018-02-23,20.0
2018-02-24,20.0
2018-02-25,20.0
2018-02-26,20.0
2018-02-27,20.0
2018-02-28,20.0
2018-03-01,20.0
2018-03-02,20.0
2018-03-03,21.0
2018-03-04,21.0
2018-03-05,21.0
2018-03-06,21.0
2018-03-07,21.0
2018-03-08,21.0
2018-03-09,21.0
2018-03-10,21.0
2018-03-11,21.0
2018-03-12,21.0
2018-03-13,21.0
2018-03-14,21.0
2018-03-15,21.0
2018-03-16,21.0
2018-03-17,21.0
2018-03-18,21.0
2018-03-19,21.0
2018-03-20,21.0
2018-03-21,21.0
2018-03-22,21.0
2018-03-23,21.0
2018-03-24,21.0
2018-03-25,21.0
2018-03-26,21.0
2018-03-27,20.0
2018-03-28,20.0
2018-03-29,20.0
2018-03-30,20.0
2018-03-31,20.0
2018-04-01,20.0
2018-04-02,20.0
2018-04-03,20.0
2018-04-04,20.0
2018-04-05,20.0
2018-04-06,21.0
2018-04-07,21.0
2018-04-08,21.0
2018-04-09,21.0
2018-04-10,20.0
2018-04-11,20.0
2018-04-12,20.0
2018-04-13,20.0
2018-04-14,21.0
2018-04-15,21.0
2018-04-16,21.0
2018-04-17,21.0
2018-04-18,20.0
2018-04-19,20.0
2018-04-20,20.0
2018-04-21,20.0
2018-04-22,20.0
2018-04-23,20.0
2018-04-24,21.0
2018-04-25,21.0
2018-04-26,21.0
2018-04-27,21.0
2018-04-28,21.0
2018-04-29,21.0
2018-04-30,21.0
2018-05-01,21.0
2018-05-02,21.0
2018-05-03,22.0
2018-05-04,23.0
2018-05-05,22.0
2018-05-06,22.0
2018-05-07,22.0
2018-05-08,23.0
2018-05-09,23.0
2018-05-10,23.0
2018-05-11,24.0
2018-05-12,24.0
2018-05-13,24.0
2018-05-14,25.0
2018-05-15,25.0
2018-05-16,25.0
2018-05-17,25.0
2018-05-18,25.0
2018-05-19,25.0
2018-05-20,25.0
2018-05-21,25.0
2018-05-22,25.0
2018-05-23,25.0
2018-05-24,25.0
2018-05-25,25.0
2018-05-26,25.0
2018-05-27,25.0
2018-05-28,25.0
2018-05-29,25.0
2018-05-30,25.0
2018-05-31,26.0
2018-06-01,26.0
2018-06-02,26.0
2018-06-03,26.0
2018-06-04,26.0
2018-06-05,26.0
2018-06-06,26.0
2018-06-07,26.0
2018-06-08,26.0
2018-06-09,26.0
2018-06-10,26.0
2018-06-11,26.0
2018-06-12,26.0
2018-06-13,26.0
2018-06-14,28.0
2018-06-15,29.0
2018-06-16,29.0
2018-06-17,29.0
2018-06-18,29.0
2018-06-19,28.0
2018-06-20,28.0
2018-06-21,28.0
2018-06-22,28.0
2018-06-23,28.0
2018-06-24,28.0
2018-06-25,28.0
2018-06-26,28.0
2018-06-27,28.0
2018-06-28,28.0
2018-06-29,29.0
2018-06-30,30.0
2018-07-01,30.0
2018-07-02,29.0
2018-07-03,29.0
2018-07-04,29.0
2018-07-05,29.0
2018-07-06,29.0
2018-07-07,29.0
2018-07-08,29.0
2018-07-09,29.0
2018-07-10,28.0
2018-07-11,28.0
2018-07-12,28.0
2018-07-13,28.0
2018-07-14,28.0
2018-07-15,28.0
2018-07-16,28.0
2018-07-17,28.0
2018-07-18,28.0
2018-07-19,28.0
2018-07-20,28.0
2018-07-21,28.0
2018-07-22,28.0
2018-07-23,28.0
2018-07-24,28.0
2018-07-25,28.0
2018-07-26,28.0
2018-07-27,28.0
2018-07-28,28.0
2018-07-29,28.0
2018-07-30,28.0
2018-07-31,28.0
2018-08-01,28.0
2018-08-02,28.0
2018-08-03,28.0
2018-08-04,28.0
2018-08-05,28.0
2018-08-06,28.0
2018-08-07,28.0
2018-08-08,28.0
2018-08-09,28.0
2018-08-10,29.0
2018-08-11,30.0
2018-08-12,30.0
2018-08-13,30.0
2018-08-14,30.0
2018-08-15,31.0
2018-08-16,31.0
2018-08-17,30.0
2018-08-18,30.0
2018-08-19,30.0
2018-08-20,30.0
2018-08-21,31.0
2018-08-22,31.0
2018-08-23,31.0
2018-08-24,31.0
2018-08-25,31.0
2018-08-26,31.0
2018-08-27,32.0
2018-08-28,32.0
2018-08-29,33.0
2018-08-30,38.0
2018-08-31,39.0
2018-09-01,38.0
2018-09-02,38.0
2018-09-03,39.0
2018-09-04,39.0
2018-09-05,40.0
2018-09-06,39.0
2018-09-07,38.0
2018-09-08,38.0
2018-09-09,38.0
2018-09-10,38.0
2018-09-11,38.0
2018-09-12,39.0
2018-09-13,40.0
2018-09-14,40.0
2018-09-15,41.0
2018-09-16,41.0
2018-09-17,40.0
2018-09-18,40.0
2018-09-19,40.0
2018-09-20,40.0
2018-09-21,39.0
2018-09-22,38.0
2018-09-23,38.0
2018-09-24,38.0
2018-09-25,39.0
2018-09-26,39.0
2018-09-27,40.0
2018-09-28,41.0
2018-09-29,42.0
2018-09-30,42.0
2018-10-01,41.0
2018-10-02,40.0
2018-10-03,39.0
2018-10-04,39.0
2018-10-05,39.0
2018-10-06,39.0
2018-10-07,39.0
2018-10-08,39.0
2018-10-09,38.0
2018-10-10,38.0
2018-10-11,38.0
2018-10-12,38.0
2018-10-13,38.0
2018-10-14,38.0
2018-10-15,38.0
2018-10-16,37.0
2018-10-17,37.0
2018-10-18,37.0
2018-10-19,38.0
2018-10-20,38.0
2018-10-21,38.0
2018-10-22,38.0
2018-10-23,38.0
2018-10-24,38.0
2018-10-25,38.0
2018-10-26,38.0
2018-10-27,38.0
2018-10-28,38.0
2018-10-29,38.0
2018-10-30,38.0
2018-10-31,37.0
2018-11-01,37.0
2018-11-02,37.0
2018-11-03,37.0
2018-11-04,37.0
2018-11-05,37.0
2018-11-06,37.0
2018-11-07,37.0
2018-11-08,37.0
2018-11-09,36.0
2018-11-10,36.0
2018-11-11,36.0
2018-11-12,36.0
2018-11-13,37.0
2018-11-14,37.0
2018-11-15,37.0
2018-11-16,37.0
2018-11-17,37.0
2018-11-18,37.0
2018-11-19,37.0
2018-11-20,37.0
2018-11-21,37.0
2018-11-22,37.0
2018-11-23,38.0
2018-11-24,38.0
2018-11-25,38.0
2018-11-26,39.0
2018-11-27,40.0
2018-11-28,40.0
2018-11-29,39.0
2018-11-30,39.0
2018-12-01,39.0
2018-12-02,39.0
2018-12-03,38.0
2018-12-04,38.0
2018-12-05,39.0
2018-12-06,39.0
2018-12-07,39.0
2018-12-08,38.0
2018-12-09,38.0
2018-12-10,39.0
2018-12-11,39.0
2018-12-12,39.0
2018-12-13,39.0
2018-12-14,39.0
2018-12-15,39.0
2018-12-16,39.0
2018-12-17,39.0
2018-12-18,39.0
2018-12-19,39.0
2018-12-20,39.0
2018-12-21,39.0
2018-12-22,39.0
2018-12-23,39.0
2018-12-24,39.0
2018-12-25,39.0
2018-12-26,39.0
2018-12-27,39.0
2018-12-28,39.0
2018-12-29,39.0
2018-12-30,39.0
2018-12-31,39.0
2019-01-01,39.0
2019-01-02,39.0
2019-01-03,39.0
2019-01-04,38.0
2019-01-05,38.0
2019-01-06,38.0
2019-01-07,38.0
2019-01-08,38.0
2019-01-09,39.0
2019-01-10,38.0
2019-01-11,38.0
2019-01-12,38.0
2019-01-13,38.0
2019-01-14,38.0
2019-01-15,38.0
2019-01-16,38.0
2019-01-17,39.0
2019-01-18,39.0
2019-01-19,39.0
2019-01-20,39.0
2019-01-21,39.0
2019-01-22,39.0
2019-01-23,39.0
2019-01-24,39.0
2019-01-25,38.0
2019-01-26,38.0
2019-01-27,38.0
2019-01-28,38.0
2019-01-29,38.0
2019-01-30,39.0
2019-01-31,38.0
2019-02-01,38.0
2019-02-02,38.0
2019-02-03,38.0
2019-02-04,38.0
2019-02-05,38.0
2019-02-06,38.0
2019-02-07,39.0
2019-02-08,39.0
2019-02-09,39.0
2019-02-10,39.0
2019-02-11,39.0
2019-02-12,39.0
2019-02-13,39.0
2019-02-14,39.0
2019-02-15,39.0
2019-02-16,40.0
2019-02-17,40.0
2019-02-18,40.0
2019-02-19,40.0
2019-02-20,41.0
2019-02-21,41.0
2019-02-22,40.0
2019-02-23,40.0
2019-02-24,40.0
2019-02-25,40.0
2019-02-26,40.0
2019-02-27,40.0
2019-02-28,40.0
2019-03-01,40.0
2019-03-02,41.0
2019-03-03,41.0
2019-03-04,41.0
2019-03-05,41.0
2019-03-06,41.0
2019-03-07,42.0
2019-03-08,43.0
2019-03-09,42.0
2019-03-10,42.0
2019-03-11,42.0
2019-03-12,42.0
2019-03-13,42.0
2019-03-14,42.0
2019-03-15,41.0
2019-03-16,41.0
2019-03-17,41.0
2019-03-18,41.0
2019-03-19,41.0
2019-03-20,42.0
2019-03-21,42.0
2019-03-22,43.0
2019-03-23,43.0
2019-03-24,43.0
2019-03-25,43.0
2019-03-26,43.0
2019-03-27,44.0
2019-03-28,45.0
2019-03-29,45.0
2019-03-30,44.0
2019-03-31,44.0
2019-04-01,44.0
2019-04-02,44.0
2019-04-03,44.0
2019-04-04,44.0
2019-04-05,45.0
2019-04-06,45.0
2019-04-07,45.0
2019-04-08,45.0
2019-04-09,45.0
2019-04-10,44.0
2019-04-11,44.0
2019-04-12,44.0
2019-04-13,43.0
2019-04-14,43.0
2019-04-15,43.0
2019-04-16,43.0
2019-04-17,43.0
2019-04-18,43.0
2019-04-19,43.0
2019-04-20,43.0
2019-04-21,43.0
2019-04-22,43.0
2019-04-23,44.0
2019-04-24,44.0
2019-04-25,46.0
2019-04-26,46.0
2019-04-27,47.0
2019-04-28,47.0
2019-04-29,46.0
2019-04-30,45.0
2019-05-01,45.0
2019-05-02,46.0
2019-05-03,46.0
2019-05-04,46.0
2019-05-05,46.0
2019-05-06,46.0
2019-05-07,46.0
2019-05-08,46.0
2019-05-09,46.0
2019-05-10,46.0
2019-05-11,46.0
2019-05-12,46.0
2019-05-13,46.0
2019-05-14,46.0
2019-05-15,46.0
2019-05-16,46.0
2019-05-17,46.0
2019-05-18,46.0
2019-05-19,46.0
2019-05-20,46.0
2019-05-21,46.0
2019-05-22,46.0
2019-05-23,46.0
2019-05-24,46.0
2019-05-25,46.0
2019-05-26,46.0
2019-05-27,46.0
2019-05-28,46.0
2019-05-29,46.0
2019-05-30,46.0
2019-05-31,46.0
2019-06-01,46.0
2019-06-02,46.0
2019-06-03,46.0
2019-06-04,46.0
2019-06-05,46.0
2019-06-06,46.0
2019-06-07,46.0
2019-06-08,46.0
2019-06-09,46.0
2019-06-10,46.0
2019-06-11,46.0
2019-06-12,45.0
2019-06-13,45.0
2019-06-14,45.0
2019-06-15,45.0
2019-06-16,45.0
2019-06-17,45.0
2019-06-18,45.0
2019-06-19,45.0
2019-06-20,45.0
2019-06-21,45.0
2019-06-22,45.0
2019-06-23,44.0
2019-06-24,44.0
2019-06-25,44.0
2019-06-26,44.0
2019-06-27,44.0
2019-06-28,44.0
2019-06-29,44.0
2019-06-30,44.0
2019-07-01,44.0
2019-07-02,44.0
2019-07-03,43.0
2019-07-04,43.0
2019-07-05,43.0
2019-07-06,43.0
2019-07-07,43.0
2019-07-08,43.0
2019-07-09,43.0
2019-07-10,43.0
2019-07-11,43.0
2019-07-12,43.0
2019-07-13,43.0
2019-07-14,43.0
2019-07-15,43.0
2019-07-16,44.0
2019-07-17,44.0
2019-07-18,44.0
2019-07-19,44.0
2019-07-20,44.0
2019-07-21,44.0
2019-07-22,44.0
2019-07-23,44.0
2019-07-24,44.0
2019-07-25,44.0
2019-07-26,45.0
2019-07-27,45.0
2019-07-28,45.0
2019-07-29,45.0
2019-07-30,45.0
2019-07-31,45.0
2019-08-01,45.0
2019-08-02,46.0
2019-08-03,46.0
2019-08-04,46.0
2019-08-05,46.0
2019-08-06,47.0
2019-08-07,47.0
2019-08-08,47.0
2019-08-09,47.0
2019-08-10,47.0
2019-08-11,47.0
2019-08-12,53.0
2019-08-13,58.0
2019-08-14,60.0
2019-08-15,61.0
2019-08-16,59.0
2019-08-17,58.0
2019-08-18,58.0
2019-08-19,58.0
2019-08-20,58.0
2019-08-21,57.0
2019-08-22,57.0
2019-08-23,57.0
2019-08-24,57.0
2019-08-25,57.0
2019-08-26,57.0
2019-08-27,58.0
2019-08-28,60.0
2019-08-29,60.0
2019-08-30,61.0
2019-08-31,62.0
2019-09-01,62.0
2019-09-02,60.0
2019-09-03,58.0
2019-09-04,58.0
2019-09-05,58.0
2019-09-06,58.0
2019-09-07,58.0
2019-09-08,58.0
2019-09-09,58.0
2019-09-10,58.0
2019-09-11,58.0
2019-09-12,58.0
2019-09-13,58.0
2019-09-14,58.0
2019-09-15,58.0
2019-09-16,59.0
2019-09-17,59.0
2019-09-18,59.0
2019-09-19,59.0
2019-09-20,59.0
2019-09-21,59.0
2019-09-22,59.0
2019-09-23,59.0
2019-09-24,59.0
2019-09-25,59.0
2019-09-26,59.0
2019-09-27,60.0
2019-09-28,60.0
2019-09-29,60.0
2019-09-30,60.0
2019-10-01,60.0
2019-10-02,60.0
2019-10-03,60.0
2019-10-04,60.0
2019-10-05,60.0
2019-10-06,60.0
2019-10-07,60.0
2019-10-08,60.0
2019-10-09,60.0
2019-10-10,60.0
2019-10-11,60.0
2019-10-12,60.0
2019-10-13,60.0
2019-10-14,60.0
2019-10-15,60.0
2019-10-16,60.0
2019-10-17,61.0
2019-10-18,61.0
2019-10-19,61.0
2019-10-20,61.0
2019-10-21,61.0
2019-10-22,61.0
2019-10-23,62.0
2019-10-24,63.0
2019-10-25,64.0
2019-10-26,65.0
2019-10-27,65.0
2019-10-28,64.0
2019-10-29,63.0
2019-10-30,63.0
2019-10-31,63.0
2019-11-01,63.0
2019-11-02,63.0
2019-11-03,63.0
2019-11-04,63.0
2019-11-05,63.0
2019-11-06,63.0
2019-11-07,63.0
2019-11-08,63.0
2019-11-09,63.0
2019-11-10,63.0
2019-11-11,63.0
2019-11-12,63.0
2019-11-13,63.0
2019-11-14,63.0
2019-11-15,63.0
2019-11-16,63.0
2019-11-17,63.0
2019-11-18,63.0
2019-11-19,63.0
2019-11-20,63.0
2019-11-21,63.0
2019-11-22,63.0
2019-11-23,63.0
2019-11-24,63.0
2019-11-25,63.0
2019-11-26,63.0
2019-11-27,63.0
2019-11-28,63.0
2019-11-29,63.0
2019-11-30,63.0
2019-12-01,63.0
2019-12-02,63.0
2019-12-03,63.0
2019-12-04,63.0
2019-12-05,63.0
2019-12-06,63.0
2019-12-07,63.0
2019-12-08,63.0
2019-12-09,63.0
2019-12-10,63.0
2019-12-11,63.0
2019-12-12,63.0
2019-12-13,63.0
2019-12-14,63.0
2019-12-15,63.0
2019-12-16,63.0
2019-12-17,63.0
2019-12-18,63.0
2019-12-19,63.0
2019-12-20,63.0
2019-12-21,63.0
2019-12-22,63.0
2019-12-23,63.0
2019-12-24,63.0
2019-12-25,63.0
2019-12-26,63.0
2019-12-27,63.0
2019-12-28,63.0
2019-12-29,63.0
2019-12-30,63.0
2019-12-31,63.0
2020-01-01,63.0
2020-01-02,63.0
2020-01-03,63.0
2020-01-04,63.0
2020-01-05,63.0
2020-01-06,63.0
2020-01-07,63.0
2020-01-08,63.0
2020-01-09,63.0
2020-01-10,63.0
2020-01-11,63.0
2020-01-12,63.0
2020-01-13,63.0
2020-01-14,63.0
2020-01-15,63.0
2020-01-16,63.0
2020-01-17,63.0
2020-01-18,63.0
2020-01-19,63.0
2020-01-20,63.0
2020-01-21,63.0
2020-01-22,63.0
2020-01-23,63.0
2020-01-24,63.0
2020-01-25,63.0
2020-01-26,63.0
2020-01-27,63.0
2020-01-28,63.0
2020-01-29,63.0
2020-01-30,63.0
2020-01-31,63.0
2020-02-01,63.0
2020-02-02,63.0
2020-02-03,63.0
2020-02-04,63.0
2020-02-05,63.0
2020-02-06,63.0
2020-02-07,63.0
2020-02-08,63.0
2020-02-09,63.0
2020-02-10,63.0
2020-02-11,63.0
2020-02-12,64.0
2020-02-13,64.0
2020-02-14,64.0
2020-02-15,64.0
2020-02-16,64.0
2020-02-17,64.0
2020-02-18,64.0
2020-02-19,64.0
2020-02-20,64.0
2020-02-21,64.0
2020-02-22,64.0
2020-02-23,64.0
2020-02-24,64.0
2020-02-25,64.0
2020-02-26,64.0
2020-02-27,64.0
2020-02-28,64.0
2020-02-29,64.0
2020-03-01,64.0
2020-03-02,64.0
2020-03-03,64.0
2020-03-04,65.0
2020-03-05,64.0
2020-03-06,65.0
2020-03-07,65.0
2020-03-08,65.0
2020-03-09,65.0
2020-03-10,65.0
2020-03-11,65.0
2020-03-12,65.0
2020-03-13,65.0
2020-03-14,65.0
2020-03-15,65.0
2020-03-16,65.0
2020-03-17,65.0
2020-03-18,65.0
2020-03-19,66.0
2020-03-20,66.0
2020-03-21,66.0
2020-03-22,66.0
2020-03-23,66.0
2020-03-24,66.0
2020-03-25,66.0
2020-03-26,66.0
2020-03-27,66.0
2020-03-28,66.0
2020-03-29,66.0
2020-03-30,67.0
2020-03-31,67.0
2020-04-01,67.0
2020-04-02,67.0
2020-04-03,67.0
2020-04-04,67.0
2020-04-05,67.0
2020-04-06,67.0
2020-04-07,67.0
2020-04-08,68.0
2020-04-09,67.0
2020-04-10,67.0
2020-04-11,67.0
2020-04-12,67.0
2020-04-13,67.0
2020-04-14,67.0
2020-04-15,68.0
2020-04-16,68.0
2020-04-17,68.0
2020-04-18,68.0
2020-04-19,68.0
2020-04-20,68.0
2020-04-21,68.0
2020-04-22,68.0
2020-04-23,68.0
2020-04-24,69.0
2020-04-25,69.0
2020-04-26,69.0
2020-04-27,69.0
2020-04-28,69.0
2020-04-29,69.0
2020-04-30,69.0
2020-05-01,69.0
2020-05-02,69.0
2020-05-03,69.0
2020-05-04,69.0
2020-05-05,69.0
2020-05-06,69.0
2020-05-07,69.0
2020-05-08,70.0
2020-05-09,70.0
2020-05-10,70.0
2020-05-11,70.0
2020-05-12,69.0
2020-05-13,70.0
2020-05-14,70.0
2020-05-15,70.0
2020-05-16,70.0
2020-05-17,70.0
2020-05-18,70.0
2020-05-19,70.0
2020-05-20,70.0
2020-05-21,70.0
2020-05-22,70.0
2020-05-25,71.0
2020-05-26,71.0
2020-05-27,71.0
2020-05-28,71.0
2020-05-29,71.0
2020-06-01,71.0
2020-06-02,71.0
2020-06-03,71.0
2020-06-04,71.0
2020-06-05,71.0
2020-06-08,72.0
2020-06-09,72.0
2020-06-10,72.0
2020-06-11,72.0
2020-06-12,72.0
2020-06-15,72.0
2020-06-16,73.0
2020-06-17,73.0
2020-06-18,73.0
2020-06-19,73.0
2020-06-22,73.0
2020-06-23,73.0
2020-06-24,74.0
2020-06-25,74.0
2020-06-26,74.0
2020-06-29,74.0
2020-06-30,74.0
2020-07-01,74.0
2020-07-02,74.0
2020-07-03,74.0
2020-07-06,75.0
2020-07-07,75.0
2020-07-08,75.0
2020-07-09,75.0
2020-07-10,75.0
2020-07-13,75.0
2020-07-14,75.0
2020-07-15,75.0
2020-07-16,75.0
2020-07-17,75.0
2020-07-20,76.0
2020-07-21,76.0
2020-07-22,76.0
2020-07-23,76.0
2020-07-24,76.0
2020-07-27,76.0
2020-07-28,76.0
2020-07-29,76.0
2020-07-30,76.0
2020-07-31,76.0
2020-08-03,77.0
2020-08-04,77.0
2020-08-05,77.0
2020-08-06,77.0
2020-08-07,77.0
2020-08-10,77.0
2020-08-11,77.0
2020-08-12,77.0
2020-08-13,77.0
2020-08-14,77.0
2020-08-17,77.0
2020-08-18,78.0
2020-08-19,78.0
2020-08-20,78.0
2020-08-21,78.0
2020-08-24,78.0
2020-08-25,78.0
2020-08-26,78.0
2020-08-27,78.0
2020-08-28,78.0
2020-08-31,78.0
2020-09-01,78.0
2020-09-02,79.0
2020-09-03,79.0
2020-09-04,79.0
2020-09-07,79.0
2020-09-08,79.0
2020-09-09,79.0
2020-09-10,79.0
2020-09-11,79.0
2020-09-14,79.0
2020-09-15,79.0
2020-09-16,80.0
2020-09-17,80.0
2020-09-18,80.0
2020-09-21,80.0
2020-09-22,80.0
2020-09-23,80.0
2020-09-24,80.0
2020-09-25,80.0
2020-09-28,80.0
2020-09-29,80.0
2020-09-30,81.0
2020-10-01,81.0
2020-10-02,82.0
2020-10-05,83.0
2020-10-06,83.0
2020-10-07,83.0
2020-10-08,83.0
2020-10-09,83.0
2020-10-12,83.0
2020-10-13,83.0
2020-10-14,83.0
2020-10-15,83.0
2020-10-16,83.0
2020-10-19,83.0
2020-10-20,83.0
2020-10-21,83.0
2020-10-22,84.0
2020-10-23,84.0
2020-10-26,84.0
2020-10-27,84.0
2020-10-28,84.0
2020-10-29,84.0
2020-10-30,84.0
2020-11-02,84.0
2020-11-03,85.0
2020-11-04,85.0
2020-11-05,85.0
2020-11-06,85.0
2020-11-09,85.0
2020-11-10,85.0
2020-11-11,85.0
2020-11-12,85.0
2020-11-13,85.0
2020-11-16,86.0
2020-11-17,86.0
2020-11-18,86.0
2020-11-19,86.0
2020-11-20,86.0
2020-11-23,86.0
2020-11-24,86.0
2020-11-25,86.0
2020-11-26,87.0
2020-11-27,87.0
2020-11-30,87.0
2020-12-01,87.0
2020-12-02,87.0
2020-12-03,87.0
2020-12-04,87.0
2020-12-07,87.0
2020-12-08,87.0
2020-12-09,87.0
2020-12-10,88.0
2020-12-11,88.0
2020-12-14,88.0
2020-12-15,88.0
2020-12-16,88.0
2020-12-17,88.0
2020-12-18,88.0
2020-12-21,89.0
2020-12-22,89.0
2020-12-23,89.0
2020-12-24,89.0
2020-12-25,89.0
2020-12-28,89.0
2020-12-29,90.0
2020-12-30,90.0
2020-12-31,90.0
2021-01-01,90.0
2021-01-04,90.0
2021-01-05,91.0
2021-01-06,91.0
2021-01-07,91.0
2021-01-08,91.0
2021-01-11,91.0
2021-01-12,91.0
2021-01-13,91.0
2021-01-14,91.0
2021-01-15,91.0
2021-01-18,91.0
2021-01-19,92.0
2021-01-20,92.0
2021-01-21,92.0
2021-01-22,92.0
2021-01-25,92.0
2021-01-26,92.0
2021-01-27,92.0
2021-01-28,93.0
2021-01-29,93.0
2021-02-01,93.0
2021-02-02,93.0
2021-02-03,93.0
2021-02-04,93.0
2021-02-05,93.0
2021-02-08,94.0
2021-02-09,94.0
2021-02-10,94.0
2021-02-11,94.0
2021-02-12,94.0
2021-02-15,94.0
2021-02-16,94.0
2021-02-17,94.0
2021-02-18,94.0
2021-02-19,94.0
2021-02-22,95.0
2021-02-23,95.0
2021-02-24,95.0
2021-02-25,95.0
2021-02-26,95.0
2021-03-01,95.0
2021-03-02,96.0
2021-03-03,96.0
2021-03-04,96.0
2021-03-05,96.0
2021-03-08,96.0
2021-03-09,96.0
2021-03-10,96.0
2021-03-11,96.0
2021-03-12,96.0
2021-03-15,97.0
2021-03-16,97.0
2021-03-17,97.0
2021-03-18,97.0
2021-03-19,97.0
2021-03-22,97.0
2021-03-23,97.0
2021-03-24,97.0
2021-03-25,97.0
2021-03-26,98.0
2021-03-29,98.0
2021-03-30,98.0
2021-03-31,98.0
2021-04-01,98.0
2021-04-02,98.0
2021-04-05,98.0
2021-04-06,98.0
2021-04-07,98.0
2021-04-08,98.0
2021-04-09,98.0
2021-04-12,98.0
2021-04-13,98.0
2021-04-14,98.0
2021-04-15,98.0
2021-04-16,99.0
2021-04-19,99.0
2021-04-20,99.0
2021-04-21,99.0
2021-04-22,99.0
2021-04-23,99.0
2021-04-26,99.0
2021-04-27,99.0
2021-04-28,99.0
2021-04-29,99.0
2021-04-30,99.0
2021-05-03,99.0
2021-05-04,99.0
2021-05-05,99.0
2021-05-06,99.0
2021-05-07,99.0
2021-05-10,100.0
2021-05-11,100.0
2021-05-12,100.0
2021-05-13,100.0
2021-05-14,100.0
2021-05-17,100.0
2021-05-18,100.0
2021-05-19,100.0
2021-05-20,100.0
2021-05-21,100.0
2021-05-24,100.0
2021-05-25,100.0
2021-05-26,100.0
2021-05-27,100.0
2021-05-28,100.0
2021-05-31,100.0
2021-06-01,100.0
2021-06-02,100.0
2021-06-03,100.0
2021-06-04,100.0
2021-06-07,100.0
2021-06-08,100.0
2021-06-09,100.0
2021-06-10,100.0
2021-06-11,100.0
2021-06-14,101.0
2021-06-15,101.0
2021-06-16,101.0
2021-06-17,101.0
2021-06-18,101.0
2021-06-21,101.0
2021-06-22,101.0
2021-06-23,101.0
2021-06-24,101.0
2021-06-25,101.0
2021-06-28,101.0
2021-06-29,101.0
2021-06-30,101.0
2021-07-01,101.0
2021-07-02,101.0
2021-07-05,101.0
2021-07-06,101.0
2021-07-07,101.0
2021-07-08,101.0
2021-07-09,101.0
2021-07-12,101.0
2021-07-13,101.0
2021-07-14,102.0
2021-07-15,102.0
2021-07-16,102.0
2021-07-19,102.0
2021-07-20,102.0
2021-07-21,102.0
2021-07-22,102.0
2021-07-23,102.0
2021-07-26,102.0
2021-07-27,102.0
2021-07-28,102.0
2021-07-29,102.0
2021-07-30,102.0
2021-08-02,102.0
2021-08-03,102.0
2021-08-04,102.0
2021-08-05,102.0
2021-08-06,102.0
2021-08-09,102.0
2021-08-10,102.0
2021-08-11,102.0
2021-08-12,102.0
2021-08-13,103.0
2021-08-16,103.0
2021-08-17,103.0
2021-08-18,103.0
2021-08-19,103.0
2021-08-20,103.0
2021-08-23,103.0
2021-08-24,103.0
2021-08-25,103.0
2021-08-26,103.0
2021-08-27,103.0
2021-08-30,103.0
2021-08-31,103.0
2021-09-01,103.0
2021-09-02,103.0
2021-09-03,103.0
2021-09-06,103.0
2021-09-07,103.0
2021-09-08,104.0
2021-09-09,104.0
2021-09-10,104.0
2021-09-13,104.0
2021-09-14,104.0
2021-09-15,104.0
2021-09-16,104.0
2021-09-17,104.0
2021-09-20,104.0
2021-09-21,104.0
2021-09-22,104.0
2021-09-23,104.0
2021-09-24,104.0
2021-09-27,104.0
2021-09-28,104.0
2021-09-29,104.0
2021-09-30,104.0
2021-10-01,104.0
2021-10-04,104.0
2021-10-05,105.0
2021-10-06,105.0
2021-10-07,105.0
2021-10-08,105.0
2021-10-11,105.0
2021-10-12,104.0
2021-10-13,105.0
2021-10-14,105.0
2021-10-15,105.0
2021-10-18,105.0
2021-10-19,105.0
2021-10-20,105.0
2021-10-21,105.0
2021-10-22,105.0
2021-10-25,105.0
2021-10-26,105.0
2021-10-27,105.0
2021-10-28,105.0
2021-10-29,105.0
2021-11-01,105.0
2021-11-02,105.0
2021-11-03,105.0
2021-11-04,105.0
2021-11-05,105.0
2021-11-08,106.0
2021-11-09,106.0
2021-11-10,106.0
2021-11-11,106.0
2021-11-12,106.0
2021-11-15,106.0
2021-11-16,106.0
2021-11-17,106.0
2021-11-18,106.0
2021-11-19,106.0
2021-11-22,106.0
2021-11-23,106.0
2021-11-24,106.0
2021-11-25,106.0
2021-11-26,106.0
2021-11-29,106.0
2021-11-30,106.0
2021-12-01,107.0
2021-12-02,107.0
2021-12-03,107.0
2021-12-06,107.0
2021-12-07,107.0
2021-12-08,107.0
2021-12-09,107.0
2021-12-10,107.0
2021-12-13,107.0
2021-12-14,107.0
2021-12-15,108.0
2021-12-16,108.0
2021-12-17,108.0
2021-12-20,108.0
2021-12-21,108.0
2021-12-22,108.0
2021-12-23,108.0
2021-12-24,108.0
2021-12-27,108.0
2021-12-28,108.0
2021-12-29,108.0
2021-12-30,108.0
2021-12-31,108.0
2022-01-03,108.0
2022-01-04,109.0
2022-01-05,109.0
2022-01-06,109.0
2022-01-07,109.0
2022-01-10,109.0
2022-01-11,109.0
2022-01-12,109.0
2022-01-13,109.0
2022-01-14,109.0
2022-01-17,109.0
2022-01-18,110.0
2022-01-19,110.0
2022-01-20,110.0
2022-01-21,110.0
2022-01-24,110.0
2022-01-25,110.0
2022-01-26,110.0
2022-01-27,110.0
2022-01-28,111.0
2022-01-31,111.0
2022-02-01,111.0
2022-02-02,111.0
2022-02-03,111.0
2022-02-04,111.0
2022-02-07,111.0
2022-02-08,111.0
2022-02-09,112.0
2022-02-10,112.0
2022-02-11,112.0
2022-02-14,112.0
2022-02-15,112.0
2022-02-16,112.0
2022-02-17,112.0
2022-02-18,112.0
2022-02-21,113.0
2022-02-22,113.0
2022-02-23,113.0
2022-02-24,113.0
2022-02-25,113.0
2022-02-28,113.0
2022-03-01,113.0
2022-03-02,113.0
2022-03-03,113.0
2022-03-04,114.0
2022-03-07,114.0
2022-03-08,114.0
2022-03-09,114.0
2022-03-10,114.0
2022-03-11,114.0
2022-03-14,115.0
2022-03-15,115.0
2022-03-16,115.0
2022-03-17,115.0
2022-03-18,115.0
2022-03-21,115.0
2022-03-22,115.0
2022-03-23,116.0
2022-03-24,116.0
2022-03-25,116.0
2022-03-28,116.0
2022-03-29,116.0
2022-03-30,116.0
2022-03-31,116.0
2022-04-01,117.0
2022-04-04,117.0
2022-04-05,117.0
2022-04-06,117.0
2022-04-07,118.0
2022-04-08,118.0
2022-04-11,118.0
2022-04-12,118.0
2022-04-13,118.0
2022-04-14,118.0
2022-04-15,118.0
2022-04-18,119.0
2022-04-19,119.0
2022-04-20,119.0
2022-04-21,120.0
2022-04-22,120.0
2022-04-25,120.0
2022-04-26,120.0
2022-04-27,120.0
2022-04-28,120.0
2022-04-29,121.0
2022-05-02,121.0
2022-05-03,121.0
2022-05-04,121.0
2022-05-05,122.0
2022-05-06,122.0
2022-05-09,122.0
2022-05-10,122.0
2022-05-11,122.0
2022-05-12,123.0
2022-05-13,123.0
2022-05-16,123.0
2022-05-17,124.0
2022-05-18,124.0
2022-05-19,124.0
2022-05-20,124.0
2022-05-23,124.0
2022-05-24,124.0
2022-05-25,124.0
2022-05-26,125.0
2022-05-27,125.0
2022-05-30,125.0
2022-05-31,125.0
2022-06-01,126.0
2022-06-02,126.0
2022-06-03,126.0
2022-06-06,127.0
2022-06-07,127.0
2022-06-08,127.0
2022-06-09,127.0
2022-06-10,127.0
2022-06-13,128.0
2022-06-14,128.0
2022-06-15,128.0
2022-06-16,128.0
2022-06-17,128.0
2022-06-20,128.0
2022-06-21,129.0
2022-06-22,129.0
2022-06-23,129.0
2022-06-24,129.0
2022-06-27,130.0
2022-06-28,130.0
2022-06-29,130.0
2022-06-30,130.0
2022-07-01,131.0
2022-07-04,132.0
2022-07-05,133.0
2022-07-06,133.0
2022-07-07,133.0
2022-07-08,134.0
2022-07-11,135.0
2022-07-12,135.0
2022-07-13,135.0
2022-07-14,135.0
2022-07-15,135.0
2022-07-18,136.0
2022-07-19,136.0
2022-07-20,136.0
2022-07-21,136.0
2022-07-22,137.0
2022-07-25,137.0
2022-07-26,137.0
2022-07-27,138.0
2022-07-28,138.0
2022-07-29,138.0
2022-08-01,139.0
2022-08-02,139.0
2022-08-03,139.0
2022-08-04,140.0
2022-08-05,140.0
2022-08-08,140.0
2022-08-09,141.0
2022-08-10,141.0
2022-08-11,141.0
2022-08-12,142.0
2022-08-15,142.0
2022-08-16,142.0
2022-08-17,143.0
2022-08-18,142.0
2022-08-19,143.0
2022-08-22,144.0
2022-08-23,144.0
2022-08-24,144.0
2022-08-25,145.0
2022-08-26,145.0
2022-08-29,145.0
2022-08-30,146.0
2022-08-31,146.0
2022-09-01,146.0
2022-09-02,146.0
2022-09-05,147.0
2022-09-06,147.0
2022-09-07,148.0
2022-09-08,148.0
2022-09-09,148.0
2022-09-12,149.0
2022-09-13,150.0
2022-09-14,150.0
2022-09-15,150.0
2022-09-16,150.0
2022-09-19,151.0
2022-09-20,151.0
2022-09-21,152.0
2022-09-22,152.0
2022-09-23,152.0
2022-09-26,153.0
2022-09-27,153.0
2022-09-28,154.0
2022-09-29,154.0
2022-09-30,154.0
2022-10-03,155.0
2022-10-04,156.0
2022-10-05,156.0
2022-10-06,156.0
2022-10-07,156.0
2022-10-10,156.0
2022-10-11,158.0
2022-10-12,158.0
2022-10-13,158.0
2022-10-14,158.0
2022-10-17,159.0
2022-10-18,160.0
2022-10-19,160.0
2022-10-20,160.0
2022-10-21,161.0
2022-10-24,162.0
2022-10-25,162.0
2022-10-26,162.0
2022-10-27,162.0
2022-10-28,163.0
2022-10-31,164.0
2022-11-01,164.0
2022-11-02,164.0
2022-11-03,165.0
2022-11-04,165.0
2022-11-07,166.0
2022-11-08,167.0
2022-11-09,167.0
2022-11-10,168.0
2022-11-11,168.0
2022-11-14,169.0
2022-11-15,169.0
2022-11-16,170.0
2022-11-17,170.0
2022-11-18,170.0
2022-11-21,170.0
2022-11-22,172.0
2022-11-23,172.0
2022-11-24,172.0
2022-11-25,172.0
2022-11-28,174.0
2022-11-29,174.0
2022-11-30,175.0
2022-12-01,175.0
2022-12-02,175.0
2022-12-05,176.0
2022-12-06,177.0
2022-12-07,177.0
2022-12-08,177.0
2022-12-09,177.0
2022-12-12,179.0
2022-12-13,179.0
2022-12-14,179.0
2022-12-15,179.0
2022-12-16,180.0
2022-12-19,181.0
2022-12-20,181.0
2022-12-21,181.0
2022-12-22,181.0
2022-12-23,182.0
2022-12-26,183.0
2022-12-27,183.0
2022-12-28,184.0
2022-12-29,184.0
2022-12-30,185.0
2023-01-02,185.0
2023-01-03,186.0
2023-01-04,186.0
2023-01-05,186.0
2023-01-06,187.0
2023-01-09,188.0
2023-01-10,188.0
2023-01-11,188.0
2023-01-12,188.0
2023-01-13,189.0
2023-01-16,189.0
2023-01-17,190.0
2023-01-18,190.0
2023-01-19,190.0
2023-01-20,191.0
2023-01-23,192.0
2023-01-24,192.0
2023-01-25,192.0
2023-01-26,193.0
2023-01-27,193.0
2023-01-30,194.0
2023-01-31,194.0
2023-02-01,195.0
2023-02-02,195.0
2023-02-03,195.0
2023-02-06,197.0
2023-02-07,197.0
2023-02-08,197.0
2023-02-09,197.0
2023-02-10,198.0
2023-02-13,199.0
2023-02-14,199.0
2023-02-15,199.0
2023-02-16,200.0
2023-02-17,201.0
2023-02-20,201.0
2023-02-21,201.0
2023-02-22,202.0
2023-02-23,202.0
2023-02-24,203.0
2023-02-27,204.0
2023-02-28,204.0
2023-03-01,205.0
2023-03-02,205.0
2023-03-03,206.0
2023-03-06,207.0
2023-03-07,207.0
2023-03-08,207.0
2023-03-09,207.0
2023-03-10,208.0
2023-03-13,209.0
2023-03-14,209.0
2023-03-15,210.0
2023-03-16,210.0
2023-03-17,211.0
2023-03-20,212.0
2023-03-21,212.0
2023-03-22,213.0
2023-03-23,213.0
2023-03-24,213.0
2023-03-27,214.0
2023-03-28,215.0
2023-03-29,216.0
2023-03-30,216.0
2023-03-31,216.0
2023-04-03,217.0
2023-04-04,218.0
2023-04-05,219.0
2023-04-06,219.0
2023-04-07,219.0
2023-04-10,221.0
2023-04-11,221.0
2023-04-12,221.0
2023-04-13,222.0
2023-04-14,222.0
2023-04-17,223.0
2023-04-18,224.0
2023-04-19,225.0
2023-04-20,225.0
2023-04-21,226.0
2023-04-24,227.0
2023-04-25,228.0
2023-04-26,228.0
2023-04-27,229.0
2023-04-28,230.0
2023-05-01,230.0
2023-05-02,232.0
2023-05-03,233.0
2023-05-04,234.0
2023-05-05,236.0
2023-05-08,238.0
2023-05-09,239.0
2023-05-10,240.0
2023-05-11,240.0
2023-05-12,240.0
2023-05-15,241.0
2023-05-16,242.0
2023-05-17,243.0
2023-05-18,243.0
2023-05-19,244.0
2023-05-22,245.0
2023-05-23,246.0
2023-05-24,247.0
2023-05-25,247.0
2023-05-26,247.0
2023-05-29,249.0
2023-05-30,250.0
2023-05-31,250.0
2023-06-01,251.0
2023-06-02,252.0
2023-06-05,254.0
2023-06-06,255.0
2023-06-07,255.0
2023-06-08,256.0
2023-06-09,257.0
2023-06-12,259.0
2023-06-13,259.0
2023-06-14,260.0
2023-06-15,261.0
2023-06-16,262.0
2023-06-19,262.0
2023-06-20,262.0
2023-06-21,264.0
2023-06-22,265.0
2023-06-23,266.0
2023-06-26,267.0
2023-06-27,268.0
2023-06-28,268.0
2023-06-29,269.0
2023-06-30,270.0
2023-07-03,272.0
2023-07-04,272.0
2023-07-05,273.0
2023-07-06,274.0
2023-07-07,274.0
2023-07-10,276.0
2023-07-11,277.0
2023-07-12,277.0
2023-07-13,278.0
2023-07-14,278.0
2023-07-17,280.0
2023-07-18,281.0
2023-07-19,281.0
2023-07-20,282.0
2023-07-21,283.0
2023-07-24,284.0
2023-07-25,285.0
2023-07-26,285.0
2023-07-27,286.0
2023-07-28,287.0
2023-07-31,288.0
2023-08-01,289.0
2023-08-02,290.0
2023-08-03,291.0
2023-08-04,292.0
2023-08-07,295.0
2023-08-08,297.0
2023-08-09,298.0
2023-08-10,299.0
2023-08-11,300.0
2023-08-14,366.0
2023-08-15,367.0
2023-08-16,367.0
2023-08-17,367.0
2023-08-18,367.0
2023-08-21,367.0
2023-08-22,367.0
2023-08-23,367.0
2023-08-24,367.0
2023-08-25,367.0
2023-08-28,367.0
2023-08-29,367.0
2023-08-30,367.0
2023-08-31,367.0
2023-09-01,367.0
2023-09-04,367.0
2023-09-05,367.0
2023-09-06,367.0
2023-09-07,367.0
2023-09-08,367.0
2023-09-11,367.0
2023-09-12,367.0
2023-09-13,367.0
2023-09-14,367.0
2023-09-15,367.0
2023-09-18,367.0
2023-09-19,367.0
2023-09-20,367.0
2023-09-21,367.0
2023-09-22,367.0
2023-09-25,367.0
2023-09-26,367.0
2023-09-27,367.0
2023-09-28,367.0
2023-09-29,367.0
2023-10-02,367.0
2023-10-03,367.0
2023-10-04,367.0
2023-10-05,367.0
2023-10-06,367.0
2023-10-09,367.0
2023-10-10,367.0
2023-10-11,367.0
2023-10-12,367.0
2023-10-13,367.0
2023-10-16,367.0
2023-10-17,368.0
2023-10-18,368.0
2023-10-19,367.0
2023-10-20,368.0
2023-10-23,368.0
2023-10-24,368.0
2023-10-25,368.0
2023-10-26,368.0
2023-10-27,368.0
2023-10-30,368.0
2023-10-31,368.0
2023-11-01,368.0
2023-11-02,368.0
2023-11-03,368.0
2023-11-06,368.0
2023-11-07,368.0
2023-11-08,368.0
2023-11-09,368.0
2023-11-10,368.0
2023-11-13,368.0
2023-11-14,368.0
2023-11-15,371.0
2023-11-16,371.0
2023-11-17,372.0
2023-11-20,372.0
2023-11-21,374.0
2023-11-22,374.0
2023-11-23,375.0
2023-11-24,375.0
2023-11-27,377.0
2023-11-28,378.0
2023-11-29,378.0
2023-11-30,378.0
2023-12-01,379.0
2023-12-04,380.0
2023-12-05,381.0
2023-12-06,381.0
2023-12-07,391.0
2023-12-08,400.0
2023-12-11,462.0
2023-12-12,588.0
2023-12-13,833.0
2023-12-14,838.0
2023-12-15,838.0
2023-12-18,840.0
2023-12-19,841.0
2023-12-20,841.0
2023-12-21,843.0
2023-12-22,844.0
2023-12-25,844.0
2023-12-26,844.0
2023-12-27,844.0
2023-12-28,845.0
2023-12-29,847.0
2024-01-01,847.0
2024-01-02,851.0
2024-01-03,853.0
2024-01-04,853.0
2024-01-05,853.0
2024-01-08,858.0
2024-01-09,859.0
2024-01-10,859.0
2024-01-11,860.0
2024-01-12,861.0
2024-01-15,864.0
2024-01-16,865.0
2024-01-17,866.0
2024-01-18,867.0
2024-01-19,869.0
2024-01-22,869.0
2024-01-23,870.0
2024-01-24,871.0
2024-01-25,870.0
2024-01-26,872.0
2024-01-29,874.0
2024-01-30,876.0
2024-01-31,876.0
2024-02-01,873.0
2024-02-02,877.0
2024-02-05,885.0
2024-02-06,877.0
2024-02-07,878.0
2024-02-08,878.0
2024-02-09,879.0
2024-02-12,879.0
2024-02-13,879.0
2024-02-14,881.0
2024-02-15,881.0
2024-02-16,881.0
2024-02-19,882.0
2024-02-20,882.0
2024-02-21,883.0
2024-02-22,883.0
2024-02-23,884.0
2024-02-26,885.0
2024-02-27,885.0
2024-02-28,889.0
2024-02-29,889.0
2024-03-01,889.0
2024-03-04,888.0
2024-03-05,892.0
2024-03-06,892.0
2024-03-07,892.0
2024-03-08,892.0
2024-03-11,894.0
2024-03-12,894.0
2024-03-13,895.0
2024-03-14,895.0
2024-03-15,896.0
2024-03-18,897.0
2024-03-19,898.0
2024-03-20,898.0
2024-03-21,899.0
2024-03-22,899.0
2024-03-25,900.0
2024-03-26,902.0
2024-03-27,902.0
2024-03-28,902.0
2024-03-29,902.0
2024-04-01,902.0
2024-04-02,902.0
2024-04-03,905.0
2024-04-04,906.0
2024-04-05,907.0
2024-04-08,910.0
2024-04-09,910.0
2024-04-10,910.0
2024-04-11,911.0
2024-04-12,913.0
2024-04-15,912.0
2024-04-16,913.0
2024-04-17,913.0
2024-04-18,913.0
2024-04-19,914.0
2024-04-22,916.0
2024-04-23,916.0
2024-04-24,916.0
2024-04-25,916.0
2024-04-26,918.0
2024-04-29,920.0
2024-04-30,921.0
2024-05-01,921.0
2024-05-02,924.0
2024-05-03,921.0
2024-05-06,924.0
2024-05-07,924.0
2024-05-08,924.0
2024-05-09,924.0
2024-05-10,924.0
2024-05-13,924.0
2024-05-14,926.0
2024-05-15,926.0
2024-05-16,928.0
2024-05-17,928.0
2024-05-20,929.0
2024-05-21,929.0
2024-05-22,930.0
2024-05-23,931.0
2024-05-24,932.0
2024-05-27,934.0
2024-05-28,935.0
2024-05-29,935.0
2024-05-30,935.0
2024-05-31,935.0
2024-06-03,938.0
2024-06-04,938.0
2024-06-05,938.0
2024-06-06,937.0
2024-06-07,939.0
2024-06-10,943.0
2024-06-11,943.0
2024-06-12,943.0
2024-06-13,943.0
2024-06-14,943.0
2024-06-17,943.0
2024-06-18,944.0
2024-06-19,945.0
2024-06-20,945.0
2024-06-21,945.0
2024-06-24,948.0
2024-06-25,949.0
2024-06-26,949.0
2024-06-27,950.0
2024-06-28,951.0
2024-07-01,954.0
2024-07-02,954.0
2024-07-03,955.0
2024-07-04,954.0
2024-07-05,956.0
2024-07-08,958.0
2024-07-09,958.0
2024-07-10,959.0
2024-07-11,959.0
2024-07-12,960.0
2024-07-15,961.0
2024-07-16,961.0
2024-07-17,962.0
2024-07-18,962.0
2024-07-19,964.0
2024-07-22,966.0
2024-07-23,967.0
2024-07-24,968.0
2024-07-25,968.0
2024-07-26,969.0
2024-07-29,971.0
2024-07-30,971.0
2024-07-31,971.0
2024-08-01,972.0
2024-08-02,972.0
2024-08-05,977.0
2024-08-06,977.0
2024-08-07,977.0
2024-08-08,979.0
2024-08-09,981.0
2024-08-12,981.0
2024-08-13,981.0
2024-08-14,982.0
2024-08-15,982.0
2024-08-16,983.0
2024-08-19,983.0
2024-08-20,983.0
2024-08-21,984.0
2024-08-22,984.0
2024-08-23,986.0
2024-08-26,987.0
2024-08-27,988.0
2024-08-28,989.0
2024-08-29,989.0
2024-08-30,991.0
2024-09-02,991.0
2024-09-03,991.0
2024-09-04,991.0
2024-09-05,991.0
2024-09-06,994.0
2024-09-09,994.0
2024-09-10,994.0
2024-09-11,994.0
2024-09-12,995.0
2024-09-13,995.0
2024-09-16,996.0
2024-09-17,996.0
2024-09-18,996.0
2024-09-19,997.0
2024-09-20,998.0
2024-09-23,1000.0
2024-09-24,1000.0
2024-09-25,1003.0
2024-09-26,1004.0
2024-09-27,1004.0
2024-09-30,1005.0
2024-10-01,1006.0
2024-10-02,1006.0
2024-10-03,1007.0
2024-10-04,1008.0
2024-10-07,1009.0
2024-10-08,1009.0
2024-10-09,1010.0
2024-10-10,1010.0
2024-10-11,1011.0
2024-10-14,1012.0
2024-10-15,1012.0
2024-10-16,1012.0
2024-10-17,1013.0
2024-10-18,1014.0
2024-10-21,1015.0
2024-10-22,1015.0
2024-10-23,1015.0
2024-10-24,1015.0
2024-10-25,1018.0
2024-10-28,1019.0
2024-10-29,1020.0
2024-10-30,1020.0
2024-10-31,1021.0
2024-11-01,1021.0
2024-11-04,1023.0
2024-11-05,1024.0
2024-11-06,1024.0
2024-11-07,1026.0
2024-11-08,1026.0
2024-11-11,1026.0
2024-11-12,1027.0
2024-11-13,1028.0
2024-11-14,1029.0
2024-11-15,1029.0
2024-11-18,1032.0
2024-11-19,1031.0
2024-11-20,1032.0
2024-11-21,1032.0
2024-11-22,1035.0
2024-11-25,1035.0
2024-11-26,1037.0
2024-11-27,1037.0
2024-11-28,1037.0
2024-11-29,1037.0
2024-12-02,1042.0
2024-12-03,1042.0
2024-12-04,1042.0
2024-12-05,1043.0
2024-12-06,1045.0
2024-12-09,1046.0
2024-12-10,1046.0
2024-12-11,1048.0
2024-12-12,1048.0
2024-12-13,1049.0
2024-12-16,1049.0
2024-12-17,1051.0
2024-12-18,1051.0
2024-12-19,1051.0
2024-12-20,1053.0
2024-12-23,1055.0
2024-12-24,1055.0
2024-12-25,1055.0
2024-12-26,1056.0
2024-12-27,1057.0
2024-12-30,1060.0
2024-12-31,1060.0
2025-01-01,1060.0
2025-01-02,1060.0
2025-01-03,1062.0
2025-01-06,1064.0
2025-01-07,1068.0
2025-01-08,1068.0
2025-01-09,1068.0
2025-01-10,1066.0
2025-01-13,1066.0
2025-01-14,1068.0
2025-01-15,1069.0
2025-01-16,1069.0
2025-01-17,1070.0
2025-01-20,1071.0
2025-01-21,1072.0
2025-01-22,1073.0
2025-01-23,1073.0
2025-01-24,1074.0
2025-01-27,1076.0
2025-01-28,1077.0
2025-01-29,1078.0
2025-01-30,1078.0
2025-01-31,1080.0
2025-02-03,1080.0
2025-02-04,1082.0
2025-02-05,1082.0
2025-02-06,1084.0
2025-02-07,1085.0
2025-02-10,1086.0
2025-02-11,1086.0
2025-02-12,1086.0
2025-02-13,1086.0
2025-02-14,1087.0
2025-02-17,1088.0
2025-02-18,1088.0
2025-02-19,1088.0
2025-02-20,1088.0
2025-02-21,1088.0
2025-02-24,1089.0
2025-02-25,1090.0
2025-02-26,1090.0
2025-02-27,1091.0
2025-02-28,1094.0
2025-03-03,1094.0
2025-03-04,1094.0
2025-03-05,1094.0
2025-03-06,1094.0
2025-03-07,1095.0
2025-03-10,1095.0
2025-03-11,1097.0
2025-03-12,1098.0
2025-03-13,1098.0
2025-03-14,1098.0
2025-03-17,1099.0
2025-03-18,1099.0
2025-03-19,1100.0
2025-03-20,1099.0
2025-03-21,1100.0
2025-03-24,1100.0
2025-03-25,1101.0
2025-03-26,1102.0
2025-03-27,1103.0
2025-03-28,1103.0
2025-03-31,1104.0
2025-04-01,1104.0
2025-04-02,1104.0
2025-04-03,1104.0
2025-04-04,1105.0
2025-04-07,1106.0
2025-04-08,1106.0
2025-04-09,1106.0
2025-04-10,1105.0
2025-04-11,1106.0
2025-04-14,1209.0
2025-04-15,1233.0
2025-04-16,1232.0
2025-04-17,1179.0
2025-04-18,1179.0
2025-04-21,1115.0
2025-04-22,1118.0
2025-04-23,1165.0
2025-04-24,1202.0
2025-04-25,1197.0
2025-04-28,1194.0
2025-04-29,1193.0
2025-04-30,1194.0
2025-05-01,1194.0
2025-05-02,1194.0
2025-05-05,1194.0
2025-05-06,1220.0
2025-05-07,1220.0
2025-05-08,1153.0
2025-05-09,1138.0
2025-05-12,1156.0
2025-05-13,1152.0
2025-05-14,1150.0
2025-05-15,1153.0
2025-05-16,1158.0
2025-05-19,1160.0
2025-05-20,1160.0
2025-05-21,1164.0
2025-05-22,1167.0
2025-05-23,1161.0
2025-05-26,1157.0
2025-05-27,1164.0
2025-05-28,1177.0
2025-05-29,1181.0
2025-05-30,1200.0
2025-06-02,1207.0
2025-06-03,1204.0
2025-06-04,1201.0
2025-06-05,1202.0
2025-06-06,1207.0
2025-06-09,1206.0
2025-06-10,1201.0
2025-06-11,1202.0
2025-06-12,1200.0
2025-06-13,1203.0
2025-06-16,1201.0
2025-06-17,1201.0
2025-06-18,1188.0
2025-06-19,1170.0
2025-06-20,1180.0
2025-06-23,1185.0
2025-06-24,1191.0
2025-06-25,1193.0
2025-06-26,1210.0
2025-06-27,1209.0
2025-06-30,1209.0
2025-07-01,1218.0
2025-07-02,1237.0
2025-07-03,1248.0
2025-07-04,1253.0
2025-07-07,1261.0
2025-07-08,1281.0
2025-07-09,1277.0
2025-07-10,1279.0
2025-07-11,1279.0
2025-07-14,1281.0
2025-07-15,1291.0
2025-07-16,1288.0
2025-07-17,1281.0
2025-07-18,1293.0
2025-07-21,1306.0
2025-07-22,1299.0
2025-07-23,1278.0
2025-07-24,1280.0
2025-07-25,1291.0
2025-07-28,1300.0
2025-07-29,1305.0
2025-07-30,1306.0
2025-07-31,1358.0
2025-08-01,1384.0
2025-08-04,1376.0
2025-08-05,1370.0
2025-08-06,1354.0
2025-08-07,1347.0
2025-08-08,1340.0
2025-08-11,1339.0
2025-08-12,1331.0
2025-08-13,1333.0
2025-08-14,1311.0
2025-08-15,1311.0
2025-08-18,1314.0
2025-08-19,1314.0
2025-08-20,1316.0
2025-08-21,1322.0
2025-08-22,1337.0
2025-08-25,1350.0
2025-08-26,1376.0
2025-08-27,1377.0
2025-08-28,1366.0
2025-08-29,1349.0
2025-09-01,1376.0
2025-09-02,1391.0
2025-09-03,1379.0
2025-09-04,1380.0
2025-09-05,1385.0
2025-09-08,1435.0
2025-09-09,1435.0
2025-09-10,1434.0
2025-09-11,1440.0
2025-09-12,1462.0
2025-09-15,1476.0
2025-09-16,1480.0
2025-09-17,1483.0
2025-09-18,1490.0
2025-09-19,1521.0
2025-09-22,1469.0
2025-09-23,1395.0
2025-09-24,1392.0
2025-09-25,1368.0
2025-09-26,1365.0
2025-09-29,1379.0
2025-09-30,1381.0
2025-10-01,1454.0
2025-10-02,1454.0
2025-10-03,1454.0
2025-10-06,1459.0
2025-10-07,1460.0
2025-10-08,1463.0
2025-10-09,1463.0
2025-10-10,1459.0
2025-10-13,1389.0
2025-10-14,1380.0
2025-10-15,1408.0
2025-10-16,1408.0
2025-10-17,1461.0
2025-10-20,1492.0
2025-10-21,1510.0
2025-10-22,1521.0
2025-10-23,1519.0
2025-10-24,1518.0
2025-10-27,1518.0
2025-10-28,1452.0
2025-10-29,1488.0
2025-10-30,1464.0
2025-10-31,1468.0
2025-11-03,1475.0
2025-11-04,1492.0
2025-11-05,1480.0
2025-11-06,1476.0
2025-11-07,1476.0
2025-11-10,1451.0
2025-11-11,1451.0
2025-11-12,1444.0
2025-11-13,1434.0
2025-11-14,1433.0
2025-11-17,1431.0
2025-11-18,1422.0
2025-11-19,1429.0
2025-11-20,1432.0
2025-11-21,1450.0
2025-11-24,1450.0
2025-11-25,1472.0
2025-11-26,1473.0
2025-11-27,1475.0
2025-11-28,1475.0
2025-12-01,1475.0
2025-12-02,1479.0
2025-12-03,1475.0
2025-12-04,1470.0
2025-12-05,1469.0
2025-12-08,1463.0
2025-12-09,1463.0
2025-12-10,1463.0
2025-12-11,1460.0
2025-12-12,1463.0
2025-12-15,1465.0
2025-12-16,1485.0
2025-12-17,1475.0
2025-12-18,1476.0
2025-12-19,1476.0
2025-12-22,1474.0
2025-12-23,1475.0
2025-12-24,1475.0
2025-12-25,1475.0
2025-12-26,1475.0
2025-12-29,1477.0
2025-12-30,1482.0
2025-12-31,1482.0
2026-01-01,1479.0
2026-01-02,1479.0
2026-01-05,1492.0
2026-01-06,1492.0
2026-01-07,1488.0
2026-01-08,1485.0
2026-01-09,1483.0
2026-01-12,1483.0
2026-01-13,1483.0
2026-01-14,1480.0
2026-01-15,1475.0
2026-01-16,1467.0
2026-01-19,1455.0
2026-01-20,1455.0
2026-01-21,1452.0
2026-01-22,1452.0
2026-01-23,1453.0
2026-01-26,1457.0
2026-01-27,1463.0
2026-01-28,1463.0
2026-01-29,1464.0
2026-01-30,1465.0
2026-02-02,1469.0
2026-02-03,1468.0
2026-02-04,1466.0
2026-02-05,1467.0
2026-02-06,1464.0
2026-02-09,1453.0
2026-02-10,1435.0
2026-02-11,1428.0
2026-02-12,1420.0
2026-02-13,1420.0
2026-02-16,1421.0
2026-02-17,1421.0
2026-02-18,1426.0
2026-02-19,1420.0
2026-02-20,1412.0
2026-02-23,1399.0
2026-02-24,1400.0
2026-02-25,1400.0
2026-02-26,1429.0
2026-02-27,1430.0
2026-03-02,1426.0
2026-03-03,1426.0
2026-03-04,1428.0
2026-03-05,1425.0
2026-03-06,1429.0
2026-03-09,1441.0
2026-03-10,1428.0
2026-03-11,1422.0
2026-03-12,1419.0
2026-03-13,1419.0
2026-03-16,1416.0
2026-03-17,1418.0
2026-03-18,1422.0
2026-03-19,1418.0
2026-03-20,1416.0
2026-03-23,1414.0
2026-03-24,1414.0
2026-03-25,1410.0
2026-03-26,1394.0
2026-03-27,1399.0
2026-03-30,1417.0
2026-03-31,1419.0
2026-04-01,1409.0
2026-04-02,1416.0
2026-04-03,1416.0
2026-04-06,1417.0
2026-04-07,1419.0
2026-04-08,1412.0
2026-04-09,1410.0
2026-04-10,1400.0
2026-04-13,1391.0
2026-04-14,1388.0
2026-04-15,1389.0
2026-04-16,1382.0
2026-04-17,1379.0
2026-04-20,1389.0
2026-04-21,1401.0
2026-04-22,1400.0
2026-04-23,1403.0
2026-04-24,1413.0
2026-04-27,1435.0
2026-04-28,1441.0
2026-04-29,1427.0
2026-04-30,1416.0
2026-05-01,1416.0
2026-05-04,1416.0
2026-05-05,1423.0
2026-05-06,1409.0
2026-05-07,1408.0
2026-05-08,1418.0
2026-05-11,1418.0
2026-05-12,1416.0
2026-05-13,1409.0
2026-05-14,1414.0
2026-05-15,1419.0
2026-05-18,1417.0
2026-05-19,1419.0
2026-05-20,1421.0
2026-05-21,1415.0
2026-05-22,1412.0
2026-05-25,1420.0
2026-05-26,1424.0
2026-05-27,1429.0
